Timestamp,Serial Number,Name,Mode,Alarm,rH,Temp
2023-05-15 14:01:16,1095,Front Door,STATE,PRE-WARN,0,14.8,
2023-05-15 13:59:35,1095,Front Door,STATE,PRE-WARN,0,13.8,
2023-05-15 13:59:25,1095,Front Door,STATE,PRE-WARN,0,13.8,
2023-05-15 03:22:48,1095,Front Door,STATE,RESET,0,14.5,
2023-05-14 06:06:50,1095,Front Door,STATE,RESET,0,10.6,
2023-05-13 14:11:40,1095,Front Door,STATE,RESET,0,15.9,
2023-05-13 08:52:54,1095,Front Door,STATE,RESET,0,12,
2023-05-13 03:34:49,1095,Front Door,STATE,RESET,0,11,
2023-04-20 11:10:01,1095,Front Door,STATE,PRE-WARN,0,11.7,
2023-04-20 11:09:54,1095,Front Door,STATE,PRE-WARN,0,11.7,
2023-04-18 12:28:01,1095,Front Door,STATE,PRE-WARN,0,13.1,
2023-04-18 12:27:56,1095,Front Door,STATE,PRE-WARN,0,13.1,
2023-04-18 11:03:36,1095,Front Door,STATE,PRE-WARN,0,13.1,
2023-04-18 11:03:29,1095,Front Door,STATE,PRE-WARN,0,13.1,
2023-04-18 10:49:16,1095,Front Door,STATE,PRE-WARN,0,12.4,
2023-04-18 10:49:08,1095,Front Door,STATE,PRE-WARN,0,12.4,
2023-04-18 09:25:54,1095,Front Door,STATE,PRE-WARN,0,11.7,
2023-04-18 09:25:47,1095,Front Door,STATE,PRE-WARN,0,11.7,
2023-04-18 08:38:35,1095,Front Door,STATE,RESET,0,11.7,
2023-04-18 03:20:32,1095,Front Door,STATE,RESET,0,9.9,
2023-04-17 16:44:08,1095,Front Door,STATE,RESET,0,15.9,
2023-04-13 11:44:07,1095,Front Door,STATE,PRE-WARN,0,9.2,
2023-04-13 11:44:01,1095,Front Door,STATE,PRE-WARN,0,9.2,
2023-04-11 12:07:53,1095,Front Door,STATE,RESET,0,16.2,
2023-04-10 04:17:40,1095,Front Door,STATE,RESET,0,13.4,
2023-04-09 17:40:21,1095,Front Door,STATE,RESET,0,16.6,
2023-04-09 07:03:04,1095,Front Door,STATE,RESET,0,9.2,
2023-04-07 12:37:42,1095,Front Door,STATE,RESET,0,15.9,
2023-04-07 02:01:43,1095,Front Door,STATE,RESET,0,9.9,
2023-04-06 12:37:47,1095,Front Door,STATE,PRE-WARN,0,14.5,
2023-04-06 12:37:40,1095,Front Door,STATE,PRE-WARN,0,14.5,
2023-04-06 12:36:00,1095,Front Door,STATE,PRE-WARN,0,13.4,
2023-04-06 12:35:55,1095,Front Door,STATE,PRE-WARN,0,13.4,
2023-04-06 10:07:15,1095,Front Door,STATE,PRE-WARN,0,13.4,
2023-04-06 10:07:00,1095,Front Door,STATE,PRE-WARN,0,13.1,
2023-04-06 10:06:55,1095,Front Door,STATE,PRE-WARN,0,13.1,
2023-04-04 18:53:52,1095,Front Door,STATE,RESET,0,13.4,
2023-04-04 13:35:01,1095,Front Door,STATE,RESET,0,16.6,
2023-04-04 08:16:38,1095,Front Door,STATE,RESET,0,7.8,
2023-04-03 00:28:57,1095,Front Door,STATE,RESET,0,7.1,
2023-04-01 11:23:08,1095,Front Door,STATE,RESET,0,11.3,
2023-03-31 19:29:12,1095,Front Door,STATE,RESET,0,13.1,
2023-03-31 10:27:30,1095,Front Door,STATE,PRE-WARN,0,13.4,
2023-03-31 10:27:25,1095,Front Door,STATE,PRE-WARN,0,13.4,
2023-03-30 16:55:55,1095,Front Door,STATE,RESET,0,18,
2023-03-30 00:59:51,1095,Front Door,STATE,RESET,0,13.4,
2023-03-29 14:29:25,1095,Front Door,STATE,PRE-WARN,0,13.8,
2023-03-29 14:29:18,1095,Front Door,STATE,PRE-WARN,0,13.8,
2023-03-29 14:23:04,1095,Front Door,STATE,RESET,0,13.8,
2023-03-29 14:22:30,1095,Front Door,STATE,PRE-WARN,0,14.1,
2023-03-29 14:22:22,1095,Front Door,STATE,PRE-WARN,0,14.1,
2023-03-28 12:30:35,1095,Front Door,STATE,PRE-WARN,0,11.7,
2023-03-28 12:30:28,1095,Front Door,STATE,PRE-WARN,0,11.7,
2023-03-28 11:46:23,1095,Front Door,STATE,PRE-WARN,0,11.3,
2023-03-28 11:46:16,1095,Front Door,STATE,PRE-WARN,0,11.3,
2023-03-28 11:27:41,1095,Front Door,STATE,PRE-WARN,0,10.6,
2023-03-28 11:27:33,1095,Front Door,STATE,PRE-WARN,0,10.6,
2023-03-28 08:52:49,1095,Front Door,STATE,RESET,0,10.6,
2023-03-27 14:53:38,1095,Front Door,STATE,PRE-WARN,0,13.4,
2023-03-27 14:53:33,1095,Front Door,STATE,PRE-WARN,0,13.4,
2023-03-27 14:19:32,1095,Front Door,STATE,PRE-WARN,0,13.4,
2023-03-27 14:19:26,1095,Front Door,STATE,PRE-WARN,0,13.4,
2023-03-27 14:15:56,1095,Front Door,STATE,PRE-WARN,0,13.1,
2023-03-27 14:15:49,1095,Front Door,STATE,PRE-WARN,0,13.1,
2023-03-27 14:05:03,1095,Front Door,STATE,PRE-WARN,0,12.7,
2023-03-27 14:04:57,1095,Front Door,STATE,PRE-WARN,0,12.7,
2023-03-27 12:58:55,1095,Front Door,STATE,PRE-WARN,0,12.7,
2023-03-27 12:58:48,1095,Front Door,STATE,PRE-WARN,0,12.7,
2023-03-27 12:38:09,1095,Front Door,STATE,PRE-WARN,0,12,
2023-03-27 12:38:03,1095,Front Door,STATE,PRE-WARN,0,12,
2023-02-27 10:07:25,1095,Front Door,STATE,RESET,0,7.5,
2023-02-27 10:06:43,1095,Front Door,STATE,PRE-WARN,0,7.5,
2023-02-27 09:50:33,1095,Front Door,STATE,RESET,0,7.5,
2023-02-27 09:49:51,1095,Front Door,STATE,PRE-WARN,0,7.5,
2023-02-27 09:37:08,1095,Front Door,STATE,RESET,0,7.5,
2023-02-27 09:36:26,1095,Front Door,STATE,PRE-WARN,0,7.1,
2023-02-27 09:27:09,1095,Front Door,STATE,RESET,0,7.1,
2023-02-27 04:10:09,1095,Front Door,STATE,RESET,0,2.9,
2023-02-26 22:53:14,1095,Front Door,STATE,RESET,0,4.3,
2023-02-26 17:36:04,1095,Front Door,STATE,RESET,0,7.1,
2023-02-26 12:18:27,1095,Front Door,STATE,RESET,0,8.2,
2023-02-26 07:01:05,1095,Front Door,STATE,RESET,0,5,
2023-02-26 01:44:01,1095,Front Door,STATE,RESET,0,5.4,
2023-02-25 20:26:39,1095,Front Door,STATE,RESET,0,5.7,
2023-02-25 15:09:11,1095,Front Door,STATE,RESET,0,9.6,
2023-02-25 09:51:26,1095,Front Door,STATE,RESET,0,8.2,
2023-02-25 04:34:03,1095,Front Door,STATE,RESET,0,6.4,
2023-02-24 23:16:48,1095,Front Door,STATE,RESET,0,7.1,
2023-02-24 23:16:37,1095,Front Door,STATE,RESET,0,7.1,
2023-02-24 17:59:01,1095,Front Door,STATE,RESET,0,9.2,
2023-02-24 12:41:25,1095,Front Door,STATE,RESET,0,11.7,
2023-02-24 12:40:43,1095,Front Door,STATE,PRE-WARN,0,11.7,
2023-02-24 12:31:59,1095,Front Door,STATE,RESET,0,11.7,
2023-02-24 12:31:16,1095,Front Door,STATE,PRE-WARN,0,11.7,
2023-02-24 11:48:18,1095,Front Door,STATE,RESET,0,11.7,
2023-02-24 11:47:36,1095,Front Door,STATE,PRE-WARN,0,11.3,
2023-02-24 11:40:25,1095,Front Door,STATE,RESET,0,11.3,
2023-02-24 11:39:43,1095,Front Door,STATE,PRE-WARN,0,7.1,
2023-02-24 07:52:22,1095,Front Door,STATE,RESET,0,7.1,
2023-02-24 02:34:57,1095,Front Door,STATE,RESET,0,6.4,
2023-02-23 21:17:38,1095,Front Door,STATE,RESET,0,7.5,
2023-02-23 16:00:26,1095,Front Door,STATE,RESET,0,10.3,
2023-02-23 15:59:45,1095,Front Door,STATE,PRE-WARN,0,10.3,
2023-02-23 13:00:19,1095,Front Door,STATE,RESET,0,10.3,
2023-02-23 12:59:37,1095,Front Door,STATE,PRE-WARN,0,11,
2023-02-23 11:48:49,1095,Front Door,STATE,RESET,0,11,
2023-02-23 11:48:07,1095,Front Door,STATE,PRE-WARN,0,11,
2023-02-23 11:46:59,1095,Front Door,STATE,RESET,0,11,
2023-02-23 11:46:17,1095,Front Door,STATE,PRE-WARN,0,10.6,
2023-02-23 11:12:55,1095,Front Door,STATE,RESET,0,10.6,
2023-02-23 11:12:15,1095,Front Door,STATE,PRE-WARN,0,11,
2023-02-23 10:57:54,1095,Front Door,STATE,RESET,0,11,
2023-02-23 10:57:12,1095,Front Door,STATE,PRE-WARN,0,9.9,
2023-02-23 08:10:10,1095,Front Door,STATE,RESET,0,9.9,
2023-02-23 02:52:38,1095,Front Door,STATE,RESET,0,8.9,
2023-02-22 21:34:45,1095,Front Door,STATE,RESET,0,10.6,
2023-02-22 16:17:22,1095,Front Door,STATE,RESET,0,9.6,
2023-02-22 16:16:38,1095,Front Door,STATE,PRE-WARN,0,9.6,
2023-02-22 16:15:57,1095,Front Door,STATE,PRE-WARN,0,11,
2023-02-07 08:51:16,1095,Front Door,STATE,RESET,0,4,
2023-02-07 08:50:35,1095,Front Door,STATE,PRE-WARN,0,4,
2023-02-07 08:49:52,1095,Front Door,STATE,RESET,0,4,
2023-02-07 08:49:11,1095,Front Door,STATE,PRE-WARN,0,3.6,
2023-02-07 08:13:01,1095,Front Door,STATE,RESET,0,3.6,
2023-02-07 02:56:08,1095,Front Door,STATE,RESET,0,4,
2023-02-06 21:38:59,1095,Front Door,STATE,RESET,0,6.8,
2023-02-06 16:21:53,1095,Front Door,STATE,RESET,0,9.9,
2023-02-06 16:21:34,1095,Front Door,STATE,PRE-WARN,0,9.9,
2023-02-06 16:21:09,1095,Front Door,STATE,PRE-WARN,0,11,
2023-02-06 14:30:45,1095,Front Door,STATE,RESET,0,11,
2023-02-06 14:30:03,1095,Front Door,STATE,PRE-WARN,0,10.6,
2023-02-06 13:04:29,1095,Front Door,STATE,RESET,0,10.6,
2023-02-06 13:03:47,1095,Front Door,STATE,PRE-WARN,0,10.6,
2023-02-06 12:44:00,1095,Front Door,STATE,RESET,0,10.6,
2023-02-06 12:43:17,1095,Front Door,STATE,PRE-WARN,0,6.1,
2023-02-06 07:55:42,1095,Front Door,STATE,RESET,0,6.1,
2023-02-06 02:38:24,1095,Front Door,STATE,RESET,0,6.8,
2023-02-05 21:21:03,1095,Front Door,STATE,RESET,0,6.8,
2023-02-05 16:03:41,1095,Front Door,STATE,RESET,0,10.3,
2023-02-05 10:45:41,1095,Front Door,STATE,RESET,0,9.6,
2023-02-05 05:28:24,1095,Front Door,STATE,RESET,0,7.5,
2023-02-05 00:10:46,1095,Front Door,STATE,RESET,0,9.6,
2023-02-04 18:52:57,1095,Front Door,STATE,RESET,0,10.3,
2023-02-04 13:35:02,1095,Front Door,STATE,RESET,0,12,
2023-02-04 08:17:08,1095,Front Door,STATE,RESET,0,9.9,
2023-02-04 02:59:18,1095,Front Door,STATE,RESET,0,10.3,
2023-02-03 21:41:17,1095,Front Door,STATE,RESET,0,11.7,
2023-02-03 16:23:06,1095,Front Door,STATE,RESET,0,13.1,
2023-02-03 16:22:24,1095,Front Door,STATE,PRE-WARN,0,13.1,
2023-02-03 16:22:06,1095,Front Door,STATE,RESET,0,13.1,
2023-02-03 16:21:24,1095,Front Door,STATE,PRE-WARN,0,13.8,
2023-02-03 14:42:17,1095,Front Door,STATE,RESET,0,13.8,
2023-02-03 09:24:01,1095,Front Door,STATE,RESET,0,11,
2023-02-03 04:06:06,1095,Front Door,STATE,RESET,0,9.9,
2023-02-02 22:48:06,1095,Front Door,STATE,RESET,0,11,
2023-02-02 17:30:03,1095,Front Door,STATE,RESET,0,12,
2023-02-02 12:11:46,1095,Front Door,STATE,RESET,0,13.1,
2023-02-02 06:53:54,1095,Front Door,STATE,RESET,0,8.5,
2023-02-02 01:36:13,1095,Front Door,STATE,RESET,0,9.6,
2023-02-01 20:18:24,1095,Front Door,STATE,RESET,0,10.3,
2023-02-01 15:00:23,1095,Front Door,STATE,RESET,0,11.7,
2023-02-01 09:42:50,1095,Front Door,STATE,RESET,0,8.2,
2023-02-01 09:42:38,1095,Front Door,STATE,PRE-WARN,0,8.2,
2023-02-01 09:42:06,1095,Front Door,STATE,PRE-WARN,0,8.2,
2023-02-01 09:32:42,1095,Front Door,STATE,RESET,0,8.2,
2023-02-01 09:32:00,1095,Front Door,STATE,PRE-WARN,0,7.1,
2023-02-01 08:44:07,1095,Front Door,STATE,RESET,0,7.1,
2023-02-01 03:26:38,1095,Front Door,STATE,RESET,0,7.5,
2023-01-31 22:09:06,1095,Front Door,STATE,RESET,0,8.5,
2023-01-31 16:51:28,1095,Front Door,STATE,RESET,0,10.6,
2023-01-31 16:50:47,1095,Front Door,STATE,PRE-WARN,0,10.6,
2023-01-31 16:49:55,1095,Front Door,STATE,RESET,0,10.6,
2023-01-31 16:49:13,1095,Front Door,STATE,PRE-WARN,0,10.6,
2023-01-31 16:45:58,1095,Front Door,STATE,RESET,0,10.6,
2023-01-31 16:45:17,1095,Front Door,STATE,PRE-WARN,0,11,
2023-01-31 16:22:27,1095,Front Door,STATE,RESET,0,11,
2023-01-31 16:21:44,1095,Front Door,STATE,PRE-WARN,0,11,
2023-01-31 16:20:41,1095,Front Door,STATE,RESET,0,11,
2023-01-31 16:20:02,1095,Front Door,STATE,PRE-WARN,0,11.3,
2023-01-31 11:31:28,1095,Front Door,STATE,RESET,0,11.3,
2023-01-31 11:30:46,1095,Front Door,STATE,PRE-WARN,0,11,
2023-01-31 11:25:18,1095,Front Door,STATE,RESET,0,11,
2023-01-31 11:24:36,1095,Front Door,STATE,PRE-WARN,0,7.1,
2023-01-31 08:17:22,1095,Front Door,STATE,RESET,0,7.1,
2023-01-31 08:16:41,1095,Front Door,STATE,PRE-WARN,0,7.1,
2023-01-31 08:13:52,1095,Front Door,STATE,RESET,0,7.1,
2023-01-31 08:13:10,1095,Front Door,STATE,PRE-WARN,0,6.8,
2023-01-31 03:37:45,1095,Front Door,STATE,RESET,0,6.8,
2023-01-30 22:20:28,1095,Front Door,STATE,RESET,0,6.4,
2023-01-30 17:02:57,1095,Front Door,STATE,RESET,0,8.9,
2023-01-30 11:45:41,1095,Front Door,STATE,RESET,0,10.3,
2023-01-30 11:44:59,1095,Front Door,STATE,PRE-WARN,0,10.3,
2023-01-30 11:41:06,1095,Front Door,STATE,RESET,0,10.3,
2023-01-30 11:40:24,1095,Front Door,STATE,PRE-WARN,0,9.9,
2023-01-30 11:33:54,1095,Front Door,STATE,RESET,0,9.9,
2023-01-30 11:33:12,1095,Front Door,STATE,PRE-WARN,0,8.9,
2023-01-30 10:33:39,1095,Front Door,STATE,RESET,0,8.9,
2023-01-30 05:16:20,1095,Front Door,STATE,RESET,0,7.1,
2023-01-29 23:58:59,1095,Front Door,STATE,RESET,0,7.1,
2023-01-28 21:31:54,1095,Front Door,STATE,RESET,0,6.8,
2023-01-28 16:14:36,1095,Front Door,STATE,RESET,0,7.5,
2023-01-28 10:57:09,1095,Front Door,STATE,RESET,0,7.1,
2023-01-28 05:40:03,1095,Front Door,STATE,RESET,0,5,
2023-01-28 00:23:03,1095,Front Door,STATE,RESET,0,4,
2023-01-27 19:05:59,1095,Front Door,STATE,RESET,0,6.1,
2023-01-27 13:48:41,1095,Front Door,STATE,RESET,0,9.9,
2023-01-27 13:47:59,1095,Front Door,STATE,PRE-WARN,0,9.6,
2023-01-27 13:47:54,1095,Front Door,STATE,RESET,0,9.6,
2023-01-27 13:47:12,1095,Front Door,STATE,PRE-WARN,0,9.6,
2023-01-27 13:36:08,1095,Front Door,STATE,RESET,0,9.6,
2023-01-27 08:18:43,1095,Front Door,STATE,RESET,0,7.1,
2023-01-27 08:18:01,1095,Front Door,STATE,PRE-WARN,0,7.1,
2023-01-27 08:12:35,1095,Front Door,STATE,RESET,0,7.1,
2023-01-27 08:11:53,1095,Front Door,STATE,PRE-WARN,0,7.1,
2023-01-27 03:34:39,1095,Front Door,STATE,RESET,0,7.1,
2023-01-26 22:17:14,1095,Front Door,STATE,RESET,0,7.5,
2023-01-26 16:59:39,1095,Front Door,STATE,RESET,0,9.6,
2023-01-26 11:41:52,1095,Front Door,STATE,RESET,0,10.6,
2023-01-26 11:41:10,1095,Front Door,STATE,PRE-WARN,0,7.8,
2023-01-26 08:00:29,1095,Front Door,STATE,RESET,0,7.8,
2023-01-26 02:42:50,1095,Front Door,STATE,RESET,0,7.8,
2023-01-25 21:25:17,1095,Front Door,STATE,RESET,0,8.5,
2023-01-25 16:07:42,1095,Front Door,STATE,RESET,0,8.5,
2023-01-25 10:50:14,1095,Front Door,STATE,RESET,0,7.5,
2023-01-25 05:32:54,1095,Front Door,STATE,RESET,0,7.1,
2023-01-25 00:15:29,1095,Front Door,STATE,RESET,0,7.5,
2023-01-24 18:58:00,1095,Front Door,STATE,RESET,0,8.5,
2023-01-24 13:40:56,1095,Front Door,STATE,RESET,0,9.2,
2023-01-24 13:40:13,1095,Front Door,STATE,PRE-WARN,0,8.9,
2023-01-24 13:29:56,1095,Front Door,STATE,RESET,0,8.9,
2023-01-24 13:29:14,1095,Front Door,STATE,PRE-WARN,0,8.9,
2023-01-24 12:57:35,1095,Front Door,STATE,RESET,0,8.9,
2023-01-24 12:56:53,1095,Front Door,STATE,PRE-WARN,0,7.5,
2023-01-24 09:38:37,1095,Front Door,STATE,RESET,0,7.5,
2023-01-24 04:21:10,1095,Front Door,STATE,RESET,0,7.5,
2023-01-23 23:03:41,1095,Front Door,STATE,RESET,0,6.8,
2023-01-23 17:46:39,1095,Front Door,STATE,RESET,0,5,
2023-01-23 17:45:56,1095,Front Door,STATE,PRE-WARN,0,4.7,
2023-01-23 17:30:38,1095,Front Door,STATE,RESET,0,4.7,
2023-01-23 17:29:57,1095,Front Door,STATE,PRE-WARN,0,4.3,
2023-01-23 15:38:59,1095,Front Door,STATE,RESET,0,4.3,
2023-01-23 15:38:18,1095,Front Door,STATE,PRE-WARN,0,4,
2023-01-23 15:16:51,1095,Front Door,STATE,RESET,0,4,
2023-01-23 15:16:13,1095,Front Door,STATE,PRE-WARN,0,4.3,
2023-01-23 14:56:35,1095,Front Door,STATE,RESET,0,4.3,
2023-01-23 14:55:54,1095,Front Door,STATE,PRE-WARN,0,4.3,
2023-01-23 14:53:54,1095,Front Door,STATE,RESET,0,4.3,
2023-01-23 14:53:13,1095,Front Door,STATE,PRE-WARN,0,4,
2023-01-23 14:08:47,1095,Front Door,STATE,RESET,0,4,
2023-01-23 14:08:04,1095,Front Door,STATE,PRE-WARN,0,3.6,
2023-01-23 13:34:27,1095,Front Door,STATE,RESET,0,3.6,
2023-01-23 13:33:46,1095,Front Door,STATE,PRE-WARN,0,3.6,
2023-01-23 13:23:55,1095,Front Door,STATE,RESET,0,3.6,
2023-01-23 13:23:12,1095,Front Door,STATE,PRE-WARN,0,2.2,
2023-01-23 09:11:22,1095,Front Door,STATE,RESET,0,2.2,
2023-01-23 03:54:40,1095,Front Door,STATE,RESET,0,1.9,
2023-01-22 22:38:00,1095,Front Door,STATE,RESET,0,1.9,
2023-01-22 17:21:09,1095,Front Door,STATE,RESET,0,3.6,
2023-01-22 12:03:56,1095,Front Door,STATE,RESET,0,6.1,
2023-01-22 06:47:08,1095,Front Door,STATE,RESET,0,0.8,
2023-01-22 01:30:21,1095,Front Door,STATE,RESET,0,2.2,
2023-01-21 20:13:30,1095,Front Door,STATE,RESET,0,2.9,
2023-01-21 14:56:17,1095,Front Door,STATE,RESET,0,7.1,
2023-01-21 09:38:56,1095,Front Door,STATE,RESET,0,2.9,
2023-01-21 04:22:10,1095,Front Door,STATE,RESET,0,2.6,
2023-01-20 23:05:10,1095,Front Door,STATE,RESET,0,4.3,
2023-01-20 17:48:21,1095,Front Door,STATE,RESET,0,4.7,
2023-01-20 17:48:09,1095,Front Door,STATE,RESET,0,4.7,
2023-01-20 12:31:43,1095,Front Door,STATE,RESET,0,6.1,
2023-01-20 12:31:01,1095,Front Door,STATE,PRE-WARN,0,6.1,
2023-01-20 12:28:47,1095,Front Door,STATE,RESET,0,6.1,
2023-01-20 12:28:06,1095,Front Door,STATE,PRE-WARN,0,3.6,
2023-01-20 09:43:33,1095,Front Door,STATE,RESET,0,3.6,
2023-01-20 04:26:46,1095,Front Door,STATE,RESET,0,1.9,
2023-01-19 23:09:55,1095,Front Door,STATE,RESET,0,2.6,
2023-01-19 17:53:02,1095,Front Door,STATE,RESET,0,3.3,
2023-01-19 12:35:55,1095,Front Door,STATE,RESET,0,6.1,
2023-01-19 07:19:05,1095,Front Door,STATE,RESET,0,0.5,
2023-01-19 02:02:27,1095,Front Door,STATE,RESET,0,1.9,
2023-01-18 20:45:42,1095,Front Door,STATE,RESET,0,2.9,
2023-01-18 15:28:51,1095,Front Door,STATE,RESET,0,4.3,
2023-01-18 10:11:56,1095,Front Door,STATE,RESET,0,2.9,
2023-01-18 10:11:14,1095,Front Door,STATE,PRE-WARN,0,0.8,
2023-01-18 08:34:11,1095,Front Door,STATE,RESET,0,0.8,
2023-01-18 03:17:34,1095,Front Door,STATE,RESET,0,1.2,
2023-01-17 22:00:56,1095,Front Door,STATE,RESET,0,1.5,
2023-01-17 16:44:48,1095,Front Door,STATE,RESET,0,2.6,
2023-01-17 16:44:08,1095,Front Door,STATE,PRE-WARN,0,2.9,
2023-01-17 16:43:57,1095,Front Door,STATE,RESET,0,2.9,
2023-01-17 16:43:25,1095,Front Door,STATE,PRE-WARN,0,2.9,
2023-01-17 16:43:16,1095,Front Door,STATE,PRE-WARN,0,4.3,
2023-01-17 14:10:11,1095,Front Door,STATE,RESET,0,4.3,
2023-01-17 08:53:40,1095,Front Door,STATE,RESET,0,0.5,
2023-01-17 08:52:58,1095,Front Door,STATE,PRE-WARN,0,0.5,
2023-01-17 08:51:23,1095,Front Door,STATE,RESET,0,0.5,
2023-01-17 08:50:41,1095,Front Door,STATE,PRE-WARN,0,0.5,
2023-01-17 08:46:09,1095,Front Door,STATE,RESET,0,0.5,
2023-01-17 08:45:27,1095,Front Door,STATE,PRE-WARN,0,0.1,
2023-01-17 08:38:38,1095,Front Door,STATE,RESET,0,0.1,
2023-01-17 08:37:57,1095,Front Door,STATE,PRE-WARN,0,0.1,
2023-01-17 08:36:02,1095,Front Door,STATE,RESET,0,0.1,
2023-01-17 08:35:20,1095,Front Door,STATE,PRE-WARN,0,0.1,
2023-01-17 08:33:58,1095,Front Door,STATE,RESET,0,0.1,
2023-01-17 08:33:17,1095,Front Door,STATE,PRE-WARN,0,0.1,
2023-01-17 08:30:15,1095,Front Door,STATE,RESET,0,0.1,
2023-01-17 08:29:34,1095,Front Door,STATE,PRE-WARN,0,0.1,
2023-01-17 08:28:30,1095,Front Door,STATE,RESET,0,0.1,
2023-01-17 08:27:47,1095,Front Door,STATE,PRE-WARN,0,0.8,
2023-01-17 05:53:06,1095,Front Door,STATE,RESET,0,0.8,
2023-01-17 00:36:32,1095,Front Door,STATE,RESET,0,1.5,
2023-01-16 19:19:44,1095,Front Door,STATE,RESET,0,3.3,
2023-01-16 14:03:17,1095,Front Door,STATE,RESET,0,6.1,
2023-01-16 14:02:36,1095,Front Door,STATE,PRE-WARN,0,6.4,
2023-01-16 13:50:08,1095,Front Door,STATE,RESET,0,6.4,
2023-01-16 13:49:26,1095,Front Door,STATE,PRE-WARN,0,5.4,
2023-01-16 10:47:52,1095,Front Door,STATE,RESET,0,5.4,
2023-01-16 10:47:10,1095,Front Door,STATE,PRE-WARN,0,5.4,
2023-01-16 10:27:46,1095,Front Door,STATE,RESET,0,5.4,
2023-01-16 10:27:04,1095,Front Door,STATE,PRE-WARN,0,5,
2023-01-16 07:10:08,1095,Front Door,STATE,RESET,0,5,
2023-01-16 01:52:49,1095,Front Door,STATE,RESET,0,4.7,
2023-01-15 20:35:31,1095,Front Door,STATE,RESET,0,6.4,
2023-01-15 15:17:53,1095,Front Door,STATE,RESET,0,8.9,
2023-01-15 10:00:12,1095,Front Door,STATE,RESET,0,7.5,
2023-01-15 04:42:43,1095,Front Door,STATE,RESET,0,6.4,
2023-01-14 23:25:11,1095,Front Door,STATE,RESET,0,7.5,
2023-01-14 18:07:37,1095,Front Door,STATE,RESET,0,8.5,
2023-01-14 12:49:42,1095,Front Door,STATE,RESET,0,11.3,
2023-01-14 07:31:44,1095,Front Door,STATE,RESET,0,9.2,
2023-01-14 02:13:59,1095,Front Door,STATE,RESET,0,8.2,
2023-01-13 20:56:22,1095,Front Door,STATE,RESET,0,8.2,
2023-01-13 15:39:04,1095,Front Door,STATE,RESET,0,10.3,
2023-01-13 15:38:23,1095,Front Door,STATE,PRE-WARN,0,10.3,
2023-01-13 11:25:07,1095,Front Door,STATE,RESET,0,10.3,
2023-01-13 06:07:23,1095,Front Door,STATE,RESET,0,8.5,
2023-01-13 00:49:40,1095,Front Door,STATE,RESET,0,9.2,
2023-01-12 19:31:53,1095,Front Door,STATE,RESET,0,10.3,
2023-01-12 14:14:04,1095,Front Door,STATE,RESET,0,12.4,
2023-01-12 14:13:22,1095,Front Door,STATE,PRE-WARN,0,12.4,
2023-01-12 13:43:41,1095,Front Door,STATE,RESET,0,12.4,
2023-01-12 13:42:59,1095,Front Door,STATE,PRE-WARN,0,12.4,
2023-01-12 12:39:09,1095,Front Door,STATE,RESET,0,12.4,
2023-01-12 07:21:07,1095,Front Door,STATE,RESET,0,11.3,
2023-01-12 02:03:07,1095,Front Door,STATE,RESET,0,9.9,
2023-01-11 20:45:14,1095,Front Door,STATE,RESET,0,9.6,
2023-01-11 15:27:22,1095,Front Door,STATE,RESET,0,11,
2023-01-11 10:09:20,1095,Front Door,STATE,RESET,0,9.6,
2023-01-11 04:51:37,1095,Front Door,STATE,RESET,0,9.2,
2023-01-10 23:33:41,1095,Front Door,STATE,RESET,0,11.3,
2023-01-10 18:15:32,1095,Front Door,STATE,RESET,0,11,
2023-01-10 12:58:06,1095,Front Door,STATE,RESET,0,8.9,
2023-01-10 12:57:23,1095,Front Door,STATE,PRE-WARN,0,8.5,
2023-01-10 12:32:40,1095,Front Door,STATE,RESET,0,8.5,
2023-01-10 12:31:58,1095,Front Door,STATE,PRE-WARN,0,8.5,
2023-01-10 12:25:25,1095,Front Door,STATE,RESET,0,8.5,
2023-01-10 12:24:44,1095,Front Door,STATE,PRE-WARN,0,6.4,
2023-01-10 08:07:39,1095,Front Door,STATE,RESET,0,6.4,
2023-01-10 08:06:57,1095,Front Door,STATE,PRE-WARN,0,6.4,
2023-01-10 08:05:54,1095,Front Door,STATE,RESET,0,6.4,
2023-01-10 08:05:11,1095,Front Door,STATE,PRE-WARN,0,6.4,
2023-01-10 07:44:15,1095,Front Door,STATE,RESET,0,6.4,
2023-01-10 02:26:52,1095,Front Door,STATE,RESET,0,6.4,
2023-01-09 21:09:27,1095,Front Door,STATE,RESET,0,7.1,
2023-01-09 15:52:08,1095,Front Door,STATE,RESET,0,8.9,
2023-01-09 15:51:57,1095,Front Door,STATE,RESET,0,8.9,
2023-01-09 10:34:37,1095,Front Door,STATE,RESET,0,8.5,
2023-01-09 10:33:56,1095,Front Door,STATE,PRE-WARN,0,8.2,
2023-01-09 10:29:59,1095,Front Door,STATE,RESET,0,8.2,
2023-01-09 10:29:18,1095,Front Door,STATE,PRE-WARN,0,8.2,
2023-01-09 10:20:51,1095,Front Door,STATE,RESET,0,8.2,
2023-01-09 10:20:09,1095,Front Door,STATE,PRE-WARN,0,7.5,
2023-01-09 09:59:12,1095,Front Door,STATE,RESET,0,7.5,
2023-01-09 09:58:30,1095,Front Door,STATE,PRE-WARN,0,6.8,
2023-01-09 09:35:21,1095,Front Door,STATE,RESET,0,6.8,
2023-01-09 09:33:47,1095,Front Door,STATE,RESET,0,6.8,
2023-01-09 09:33:04,1095,Front Door,STATE,PRE-WARN,0,6.8,
2023-01-09 09:21:40,1095,Front Door,STATE,RESET,0,6.8,
2023-01-09 09:21:00,1095,Front Door,STATE,PRE-WARN,0,6.8,
2023-01-09 05:12:21,1095,Front Door,STATE,RESET,0,6.8,
2023-01-08 23:54:53,1095,Front Door,STATE,RESET,0,7.1,
2023-01-08 18:37:20,1095,Front Door,STATE,RESET,0,8.5,
2023-01-08 13:19:28,1095,Front Door,STATE,RESET,0,11.3,
2023-01-08 08:01:33,1095,Front Door,STATE,RESET,0,8.5,
2023-01-08 02:43:49,1095,Front Door,STATE,RESET,0,8.9,
2023-01-07 21:26:06,1095,Front Door,STATE,RESET,0,9.2,
2023-01-07 16:08:10,1095,Front Door,STATE,RESET,0,11,
2023-01-07 10:50:20,1095,Front Door,STATE,RESET,0,11,
2023-01-07 10:50:11,1095,Front Door,STATE,RESET,0,11,
2023-01-07 05:32:06,1095,Front Door,STATE,RESET,0,11,
2023-01-07 00:14:01,1095,Front Door,STATE,RESET,0,11.3,
2023-01-06 18:55:56,1095,Front Door,STATE,RESET,0,10.6,
2023-01-06 13:38:07,1095,Front Door,STATE,RESET,0,11.3,
2023-01-06 13:37:56,1095,Front Door,STATE,RESET,0,11.3,
2023-01-06 08:20:03,1095,Front Door,STATE,RESET,0,8.9,
2023-01-06 03:02:15,1095,Front Door,STATE,RESET,0,11,
2023-01-05 21:44:13,1095,Front Door,STATE,RESET,0,10.6,
2023-01-05 16:26:09,1095,Front Door,STATE,RESET,0,11.7,
2023-01-05 11:07:57,1095,Front Door,STATE,RESET,0,11,
2023-01-05 05:50:04,1095,Front Door,STATE,RESET,0,9.9,
2023-01-05 00:32:09,1095,Front Door,STATE,RESET,0,10.6,
2023-01-04 19:14:06,1095,Front Door,STATE,RESET,0,11.3,
2023-01-04 13:55:55,1095,Front Door,STATE,RESET,0,13.1,
2023-01-04 08:37:50,1095,Front Door,STATE,RESET,0,12,
2023-01-04 08:37:09,1095,Front Door,STATE,PRE-WARN,0,12,
2023-01-04 08:34:02,1095,Front Door,STATE,RESET,0,12,
2023-01-04 08:33:20,1095,Front Door,STATE,PRE-WARN,0,11.7,
2023-01-04 04:15:08,1095,Front Door,STATE,RESET,0,11.7,
2023-01-03 22:56:59,1095,Front Door,STATE,RESET,0,10.6,
2023-01-03 17:39:04,1095,Front Door,STATE,RESET,0,10.3,
2023-01-03 12:21:46,1095,Front Door,STATE,RESET,0,9.9,
2023-01-03 12:21:03,1095,Front Door,STATE,PRE-WARN,0,8.5,
2023-01-03 09:42:21,1095,Front Door,STATE,RESET,0,8.5,
2023-01-03 04:24:51,1095,Front Door,STATE,RESET,0,5.4,
2023-01-02 23:07:42,1095,Front Door,STATE,RESET,0,5.7,
2023-01-02 17:50:19,1095,Front Door,STATE,RESET,0,7.1,
2023-01-02 12:32:40,1095,Front Door,STATE,RESET,0,9.9,
2023-01-02 07:14:58,1095,Front Door,STATE,RESET,0,8.5,
2023-01-02 01:57:17,1095,Front Door,STATE,RESET,0,8.9,
2023-01-01 20:39:29,1095,Front Door,STATE,RESET,0,9.9,
2023-01-01 15:21:30,1095,Front Door,STATE,RESET,0,11.3,
2023-01-01 10:03:23,1095,Front Door,STATE,RESET,0,11,
2023-01-01 04:45:27,1095,Front Door,STATE,RESET,0,10.6,
2022-12-31 23:27:23,1095,Front Door,STATE,RESET,0,12,
2022-12-31 18:09:12,1095,Front Door,STATE,RESET,0,11.7,
2022-12-31 12:51:05,1095,Front Door,STATE,RESET,0,12,
2022-12-31 07:32:51,1095,Front Door,STATE,RESET,0,11,
2022-12-31 02:15:10,1095,Front Door,STATE,RESET,0,9.9,
2022-12-31 02:15:02,1095,Front Door,STATE,RESET,0,9.9,
2022-12-30 20:57:10,1095,Front Door,STATE,RESET,0,10.6,
2022-12-30 15:39:09,1095,Front Door,STATE,RESET,0,11,
2022-12-30 10:21:24,1095,Front Door,STATE,RESET,0,8.5,
2022-12-30 05:03:48,1095,Front Door,STATE,RESET,0,7.8,
2022-12-29 23:46:23,1095,Front Door,STATE,RESET,0,6.8,
2022-12-29 18:28:50,1095,Front Door,STATE,RESET,0,8.5,
2022-12-29 13:11:05,1095,Front Door,STATE,RESET,0,10.3,
2022-12-29 07:53:22,1095,Front Door,STATE,RESET,0,8.9,
2022-12-29 02:35:42,1095,Front Door,STATE,RESET,0,9.2,
2022-12-28 21:18:00,1095,Front Door,STATE,RESET,0,9.9,
2022-12-28 16:00:11,1095,Front Door,STATE,RESET,0,9.6,
2022-12-28 10:42:19,1095,Front Door,STATE,RESET,0,9.9,
2022-12-28 05:24:34,1095,Front Door,STATE,RESET,0,9.6,
2022-12-28 00:06:46,1095,Front Door,STATE,RESET,0,8.9,
2022-12-27 18:49:09,1095,Front Door,STATE,RESET,0,8.9,
2022-12-27 13:31:32,1095,Front Door,STATE,RESET,0,9.2,
2022-12-27 08:14:05,1095,Front Door,STATE,RESET,0,5.4,
2022-12-27 02:56:54,1095,Front Door,STATE,RESET,0,6.1,
2022-12-26 21:39:33,1095,Front Door,STATE,RESET,0,6.8,
2022-12-26 16:22:04,1095,Front Door,STATE,RESET,0,8.2,
2022-12-26 11:04:23,1095,Front Door,STATE,RESET,0,7.8,
2022-12-26 05:46:59,1095,Front Door,STATE,RESET,0,8.5,
2022-12-26 00:29:17,1095,Front Door,STATE,RESET,0,8.9,
2022-12-25 19:11:28,1095,Front Door,STATE,RESET,0,9.2,
2022-12-25 13:53:43,1095,Front Door,STATE,RESET,0,10.3,
2022-12-25 08:35:50,1095,Front Door,STATE,RESET,0,9.2,
2022-12-25 03:18:09,1095,Front Door,STATE,RESET,0,9.2,
2022-12-24 22:00:28,1095,Front Door,STATE,RESET,0,8.5,
2022-12-24 16:42:51,1095,Front Door,STATE,RESET,0,8.2,
2022-12-24 11:25:10,1095,Front Door,STATE,RESET,0,8.5,
2022-12-24 06:07:34,1095,Front Door,STATE,RESET,0,8.2,
2022-12-24 00:49:54,1095,Front Door,STATE,RESET,0,8.9,
2022-12-23 19:33:35,1095,Front Door,STATE,RESET,0,9.6,
2022-12-23 14:14:16,1095,Front Door,STATE,RESET,0,9.6,
2022-12-23 08:56:39,1095,Front Door,STATE,RESET,0,7.8,
2022-12-23 03:39:07,1095,Front Door,STATE,RESET,0,8.5,
2022-12-22 22:21:25,1095,Front Door,STATE,RESET,0,9.9,
2022-12-22 17:03:43,1095,Front Door,STATE,RESET,0,9.6,
2022-12-22 11:46:36,1095,Front Door,STATE,RESET,0,8.5,
2022-12-22 11:45:53,1095,Front Door,STATE,PRE-WARN,0,8.5,
2022-12-22 11:43:03,1095,Front Door,STATE,RESET,0,8.5,
2022-12-22 11:42:21,1095,Front Door,STATE,PRE-WARN,0,7.8,
2022-12-22 09:11:44,1095,Front Door,STATE,RESET,0,7.8,
2022-12-22 03:54:16,1095,Front Door,STATE,RESET,0,7.5,
2022-12-21 22:36:47,1095,Front Door,STATE,RESET,0,8.2,
2022-12-21 17:19:07,1095,Front Door,STATE,RESET,0,9.2,
2022-12-21 12:01:17,1095,Front Door,STATE,RESET,0,9.9,
2022-12-21 06:43:39,1095,Front Door,STATE,RESET,0,7.5,
2022-12-21 01:26:14,1095,Front Door,STATE,RESET,0,7.1,
2022-12-20 20:08:50,1095,Front Door,STATE,RESET,0,7.8,
2022-12-20 14:51:11,1095,Front Door,STATE,RESET,0,10.3,
2022-12-20 09:33:19,1095,Front Door,STATE,RESET,0,9.9,
2022-12-20 04:15:31,1095,Front Door,STATE,RESET,0,10.3,
2022-12-19 22:57:43,1095,Front Door,STATE,RESET,0,10.3,
2022-12-19 17:39:55,1095,Front Door,STATE,RESET,0,9.6,
2022-12-19 12:22:11,1095,Front Door,STATE,RESET,0,9.6,
2022-12-19 12:21:30,1095,Front Door,STATE,PRE-WARN,0,9.6,
2022-12-19 12:18:36,1095,Front Door,STATE,RESET,0,9.6,
2022-12-19 12:17:55,1095,Front Door,STATE,PRE-WARN,0,9.6,
2022-12-19 12:06:49,1095,Front Door,STATE,RESET,0,9.6,
2022-12-19 12:06:08,1095,Front Door,STATE,PRE-WARN,0,9.2,
2022-12-19 11:55:42,1095,Front Door,STATE,RESET,0,9.2,
2022-12-19 11:55:02,1095,Front Door,STATE,PRE-WARN,0,9.2,
2022-12-19 11:47:20,1095,Front Door,STATE,RESET,0,9.2,
2022-12-19 11:22:39,1095,Front Door,STATE,RESET,0,8.9,
2022-12-19 11:21:59,1095,Front Door,STATE,PRE-WARN,0,8.9,
2022-12-19 11:13:27,1095,Front Door,STATE,RESET,0,8.9,
2022-12-19 11:12:45,1095,Front Door,STATE,PRE-WARN,0,8.5,
2022-12-19 09:09:06,1095,Front Door,STATE,RESET,0,8.5,
2022-12-19 09:08:25,1095,Front Door,STATE,PRE-WARN,0,8.5,
2022-12-19 09:00:58,1095,Front Door,STATE,RESET,0,8.5,
2022-12-19 09:00:17,1095,Front Door,STATE,PRE-WARN,0,7.8,
2022-12-19 05:31:08,1095,Front Door,STATE,RESET,0,7.8,
2022-12-19 00:13:51,1095,Front Door,STATE,RESET,0,5.4,
2022-12-18 18:56:53,1095,Front Door,STATE,RESET,0,3.6,
2022-12-18 13:40:02,1095,Front Door,STATE,RESET,0,3.3,
2022-12-18 08:23:15,1095,Front Door,STATE,RESET,0,2.6,
2022-12-18 03:06:40,1095,Front Door,STATE,RESET,0,1.2,
2022-12-17 21:50:03,1095,Front Door,STATE,RESET,0,1.9,
2022-12-17 16:33:20,1095,Front Door,STATE,RESET,0,2.9,
2022-12-17 11:16:30,1095,Front Door,STATE,RESET,0,3.6,
2022-12-17 06:00:08,1095,Front Door,STATE,RESET,0,654.1,
2022-12-17 00:43:59,1095,Front Door,STATE,RESET,0,654.1,
2022-12-16 19:27:36,1095,Front Door,STATE,RESET,0,0.1,
2022-12-16 14:11:00,1095,Front Door,STATE,RESET,0,3.3,
2022-12-16 08:54:26,1095,Front Door,STATE,RESET,0,654.8,
2022-12-16 03:38:03,1095,Front Door,STATE,RESET,0,655.1,
2022-12-15 22:21:39,1095,Front Door,STATE,RESET,0,0.8,
2022-12-15 17:05:14,1095,Front Door,STATE,RESET,0,0.5,
2022-12-15 11:48:57,1095,Front Door,STATE,RESET,0,1.2,
2022-12-15 11:48:17,1095,Front Door,STATE,PRE-WARN,0,0.5,
2022-12-15 11:28:05,1095,Front Door,STATE,RESET,0,0.5,
2022-12-15 11:27:23,1095,Front Door,STATE,PRE-WARN,0,0.1,
2022-12-15 10:59:53,1095,Front Door,STATE,RESET,0,0.1,
2022-12-15 10:59:13,1095,Front Door,STATE,PRE-WARN,0,653.4,
2022-12-15 08:19:33,1095,Front Door,STATE,RESET,0,653.4,
2022-12-15 03:03:17,1095,Front Door,STATE,RESET,0,655.1,
2022-12-14 21:46:50,1095,Front Door,STATE,RESET,0,0.5,
2022-12-14 16:30:54,1095,Front Door,STATE,RESET,0,0.8,
2022-12-14 16:30:12,1095,Front Door,STATE,PRE-WARN,0,0.8,
2022-12-14 16:17:09,1095,Front Door,STATE,RESET,0,0.8,
2022-12-14 16:16:26,1095,Front Door,STATE,PRE-WARN,0,0.8,
2022-12-14 16:00:33,1095,Front Door,STATE,RESET,0,0.8,
2022-12-14 15:59:50,1095,Front Door,STATE,PRE-WARN,0,0.8,
2022-12-14 14:27:08,1095,Front Door,STATE,RESET,0,0.8,
2022-12-14 14:26:50,1095,Front Door,STATE,PRE-WARN,0,0.8,
2022-12-14 14:26:25,1095,Front Door,STATE,PRE-WARN,0,0.8,
2022-12-14 14:25:44,1095,Front Door,STATE,RESET,0,0.8,
2022-12-14 14:23:51,1095,Front Door,STATE,PRE-WARN,0,0.8,
2022-12-14 14:23:44,1095,Front Door,STATE,RESET,0,0.8,
2022-12-14 14:23:04,1095,Front Door,STATE,PRE-WARN,0,0.8,
2022-12-14 14:22:52,1095,Front Door,STATE,RESET,0,0.8,
2022-12-14 14:22:41,1095,Front Door,STATE,PRE-WARN,0,0.8,
2022-12-14 14:22:07,1095,Front Door,STATE,PRE-WARN,0,0.8,
2022-12-14 14:21:35,1095,Front Door,STATE,RESET,0,0.8,
2022-12-14 14:21:18,1095,Front Door,STATE,PRE-WARN,0,0.8,
2022-12-14 14:20:50,1095,Front Door,STATE,PRE-WARN,0,0.8,
2022-12-14 14:20:13,1095,Front Door,STATE,RESET,0,0.8,
2022-12-14 14:19:50,1095,Front Door,STATE,PRE-WARN,0,0.8,
2022-12-14 14:19:30,1095,Front Door,STATE,PRE-WARN,0,2.9,
2022-12-14 13:49:20,1095,Front Door,STATE,RESET,0,2.9,
2022-12-14 13:48:39,1095,Front Door,STATE,PRE-WARN,0,2.9,
2022-12-14 11:21:31,1095,Front Door,STATE,RESET,0,2.9,
2022-12-14 06:05:02,1095,Front Door,STATE,RESET,0,0.5,
2022-12-14 00:48:30,1095,Front Door,STATE,RESET,0,1.2,
2022-12-13 19:31:54,1095,Front Door,STATE,RESET,0,1.9,
2022-12-13 14:15:36,1095,Front Door,STATE,RESET,0,2.9,
2022-12-13 14:14:54,1095,Front Door,STATE,PRE-WARN,0,2.9,
2022-12-13 14:00:47,1095,Front Door,STATE,RESET,0,2.9,
2022-12-13 14:00:06,1095,Front Door,STATE,PRE-WARN,0,2.9,
2022-12-13 13:24:57,1095,Front Door,STATE,RESET,0,2.9,
2022-12-13 13:24:15,1095,Front Door,STATE,PRE-WARN,0,2.2,
2022-12-13 12:33:14,1095,Front Door,STATE,RESET,0,2.2,
2022-12-13 12:32:32,1095,Front Door,STATE,PRE-WARN,0,2.2,
2022-12-13 12:31:24,1095,Front Door,STATE,RESET,0,2.2,
2022-12-13 12:30:42,1095,Front Door,STATE,PRE-WARN,0,655.1,
2022-12-13 08:31:20,1095,Front Door,STATE,RESET,0,655.1,
2022-12-13 03:14:53,1095,Front Door,STATE,RESET,0,0.1,
2022-12-12 21:58:24,1095,Front Door,STATE,RESET,0,1.2,
2022-12-12 16:42:12,1095,Front Door,STATE,RESET,0,3.6,
2022-12-12 16:41:38,1095,Front Door,STATE,PRE-WARN,0,3.6,
2022-12-12 16:41:29,1095,Front Door,STATE,PRE-WARN,0,4,
2022-12-12 16:03:37,1095,Front Door,STATE,RESET,0,4,
2022-12-12 16:02:57,1095,Front Door,STATE,PRE-WARN,0,4,
2022-12-12 14:13:05,1095,Front Door,STATE,RESET,0,4,
2022-12-12 14:12:24,1095,Front Door,STATE,PRE-WARN,0,4.7,
2022-12-12 12:28:30,1095,Front Door,STATE,RESET,0,4.7,
2022-12-12 12:27:49,1095,Front Door,STATE,PRE-WARN,0,4.3,
2022-12-12 11:44:51,1095,Front Door,STATE,RESET,0,4.3,
2022-12-12 11:44:10,1095,Front Door,STATE,PRE-WARN,0,2.2,
2022-12-12 08:37:22,1095,Front Door,STATE,RESET,0,2.2,
2022-12-12 03:20:37,1095,Front Door,STATE,RESET,0,2.6,
2022-12-11 22:03:47,1095,Front Door,STATE,RESET,0,1.9,
2022-12-11 16:47:06,1095,Front Door,STATE,RESET,0,1.9,
2022-12-11 11:30:18,1095,Front Door,STATE,RESET,0,2.6,
2022-12-11 06:14:01,1095,Front Door,STATE,RESET,0,653.7,
2022-12-11 00:57:45,1095,Front Door,STATE,RESET,0,654.4,
2022-12-10 19:41:22,1095,Front Door,STATE,RESET,0,0.5,
2022-12-10 14:24:42,1095,Front Door,STATE,RESET,0,4,
2022-12-10 09:07:53,1095,Front Door,STATE,RESET,0,1.5,
2022-12-10 03:51:25,1095,Front Door,STATE,RESET,0,0.5,
2022-12-09 22:34:57,1095,Front Door,STATE,RESET,0,1.5,
2022-12-09 17:18:15,1095,Front Door,STATE,RESET,0,2.6,
2022-12-09 12:01:36,1095,Front Door,STATE,RESET,0,4.7,
2022-12-09 12:00:55,1095,Front Door,STATE,PRE-WARN,0,3.3,
2022-12-09 11:08:53,1095,Front Door,STATE,RESET,0,3.3,
2022-12-09 11:08:13,1095,Front Door,STATE,PRE-WARN,0,2.9,
2022-12-09 10:49:06,1095,Front Door,STATE,RESET,0,2.9,
2022-12-09 05:32:30,1095,Front Door,STATE,RESET,0,0.8,
2022-12-09 00:15:58,1095,Front Door,STATE,RESET,0,0.8,
2022-12-08 18:59:21,1095,Front Door,STATE,RESET,0,1.9,
2022-12-08 13:42:27,1095,Front Door,STATE,RESET,0,4.3,
2022-12-08 13:41:45,1095,Front Door,STATE,PRE-WARN,0,3.6,
2022-12-08 11:45:38,1095,Front Door,STATE,RESET,0,3.6,
2022-12-08 11:45:31,1095,Front Door,STATE,PRE-WARN,0,3.6,
2022-12-08 11:44:54,1095,Front Door,STATE,PRE-WARN,0,2.9,
2022-12-08 11:11:05,1095,Front Door,STATE,RESET,0,2.9,
2022-12-08 05:54:27,1095,Front Door,STATE,RESET,0,1.2,
2022-12-08 00:37:50,1095,Front Door,STATE,RESET,0,2.2,
2022-12-07 19:21:03,1095,Front Door,STATE,RESET,0,3.3,
2022-12-07 14:04:48,1095,Front Door,STATE,RESET,0,5,
2022-12-07 14:04:06,1095,Front Door,STATE,PRE-WARN,0,5,
2022-12-07 13:57:55,1095,Front Door,STATE,RESET,0,5,
2022-12-07 13:57:13,1095,Front Door,STATE,PRE-WARN,0,5,
2022-12-07 13:45:36,1095,Front Door,STATE,RESET,0,5,
2022-12-07 13:44:54,1095,Front Door,STATE,PRE-WARN,0,5,
2022-12-07 13:44:12,1095,Front Door,STATE,RESET,0,5,
2022-12-07 13:43:30,1095,Front Door,STATE,PRE-WARN,0,5,
2022-12-07 13:19:55,1095,Front Door,STATE,RESET,0,5,
2022-12-07 13:19:13,1095,Front Door,STATE,PRE-WARN,0,5,
2022-12-07 13:18:45,1095,Front Door,STATE,RESET,0,5,
2022-12-07 13:18:03,1095,Front Door,STATE,PRE-WARN,0,5,
2022-12-07 11:57:58,1095,Front Door,STATE,RESET,0,5,
2022-12-07 06:40:54,1095,Front Door,STATE,RESET,0,4,
2022-12-07 01:23:52,1095,Front Door,STATE,RESET,0,4.3,
2022-12-06 20:06:45,1095,Front Door,STATE,RESET,0,5.4,
2022-12-06 14:50:02,1095,Front Door,STATE,RESET,0,6.4,
2022-12-06 14:49:20,1095,Front Door,STATE,PRE-WARN,0,5.7,
2022-12-06 09:45:23,1095,Front Door,STATE,RESET,0,5.7,
2022-12-06 04:28:14,1095,Front Door,STATE,RESET,0,5.4,
2022-12-05 23:11:49,1095,Front Door,STATE,RESET,0,5.7,
2022-12-05 17:53:45,1095,Front Door,STATE,RESET,0,6.8,
2022-12-05 12:37:01,1095,Front Door,STATE,RESET,0,8.5,
2022-12-05 12:36:18,1095,Front Door,STATE,PRE-WARN,0,8.5,
2022-12-03 15:20:58,1095,Front Door,STATE,RESET,0,7.1,
2022-12-03 10:03:22,1095,Front Door,STATE,RESET,0,7.5,
2022-12-03 04:45:46,1095,Front Door,STATE,RESET,0,6.4,
2022-12-02 23:28:22,1095,Front Door,STATE,RESET,0,6.4,
2022-12-02 18:10:57,1095,Front Door,STATE,RESET,0,7.1,
2022-12-02 12:53:24,1095,Front Door,STATE,RESET,0,8.5,
2022-12-02 07:35:51,1095,Front Door,STATE,RESET,0,6.4,
2022-12-02 02:18:28,1095,Front Door,STATE,RESET,0,5.7,
2022-12-01 21:01:00,1095,Front Door,STATE,RESET,0,7.8,
2022-12-01 15:43:41,1095,Front Door,STATE,RESET,0,8.9,
2022-12-01 15:43:11,1095,Front Door,STATE,PRE-WARN,0,8.9,
2022-12-01 15:42:59,1095,Front Door,STATE,PRE-WARN,0,8.9,
2022-12-01 15:42:53,1095,Front Door,STATE,RESET,0,8.9,
2022-12-01 15:42:20,1095,Front Door,STATE,PRE-WARN,0,8.9,
2022-12-01 15:42:13,1095,Front Door,STATE,PRE-WARN,0,8.5,
2022-12-01 11:44:07,1095,Front Door,STATE,RESET,0,8.5,
2022-12-01 06:26:36,1095,Front Door,STATE,RESET,0,6.8,
2022-12-01 01:09:11,1095,Front Door,STATE,RESET,0,6.8,
2022-11-30 19:52:15,1095,Front Door,STATE,RESET,0,8.2,
2022-11-30 19:51:33,1095,Front Door,STATE,PRE-WARN,0,9.2,
2022-11-30 15:44:14,1095,Front Door,STATE,RESET,0,9.2,
2022-11-30 15:43:33,1095,Front Door,STATE,PRE-WARN,0,9.6,
2022-11-30 15:04:50,1095,Front Door,STATE,RESET,0,9.6,
2022-11-30 09:47:23,1095,Front Door,STATE,RESET,0,8.2,
2022-11-30 09:46:39,1095,Front Door,STATE,PRE-WARN,0,8.2,
2022-11-30 09:45:59,1095,Front Door,STATE,PRE-WARN,0,7.8,
2022-11-29 14:53:49,1095,Front Door,STATE,RESET,0,8.5,
2022-11-29 14:53:08,1095,Front Door,STATE,PRE-WARN,0,8.5,
2022-11-29 14:52:32,1095,Front Door,STATE,RESET,0,8.5,
2022-11-29 14:51:52,1095,Front Door,STATE,PRE-WARN,0,8.5,
2022-11-29 14:51:34,1095,Front Door,STATE,RESET,0,8.5,
2022-11-29 14:50:52,1095,Front Door,STATE,PRE-WARN,0,8.5,
2022-11-29 14:48:52,1095,Front Door,STATE,RESET,0,8.5,
2022-11-29 14:48:10,1095,Front Door,STATE,PRE-WARN,0,8.9,
2022-11-29 14:36:00,1095,Front Door,STATE,RESET,0,8.9,
2022-11-29 14:35:18,1095,Front Door,STATE,PRE-WARN,0,8.9,
2022-11-29 13:45:45,1095,Front Door,STATE,RESET,0,8.9,
2022-11-29 13:45:04,1095,Front Door,STATE,PRE-WARN,0,9.2,
2022-11-29 13:16:39,1095,Front Door,STATE,RESET,0,9.2,
2022-11-29 13:15:57,1095,Front Door,STATE,PRE-WARN,0,9.2,
2022-11-29 12:41:15,1095,Front Door,STATE,RESET,0,9.2,
2022-11-29 12:40:41,1095,Front Door,STATE,PRE-WARN,0,9.2,
2022-11-29 12:40:31,1095,Front Door,STATE,PRE-WARN,0,9.2,
2022-11-29 12:35:44,1095,Front Door,STATE,RESET,0,9.2,
2022-11-29 12:35:02,1095,Front Door,STATE,PRE-WARN,0,9.2,
2022-11-29 12:34:00,1095,Front Door,STATE,RESET,0,9.2,
2022-11-29 12:33:18,1095,Front Door,STATE,PRE-WARN,0,9.6,
2022-11-29 12:31:59,1095,Front Door,STATE,PRE-WARN,0,9.6,
2022-11-29 12:29:53,1095,Front Door,STATE,RESET,0,9.6,
2022-11-29 12:29:11,1095,Front Door,STATE,PRE-WARN,0,9.6,
2022-11-29 12:28:18,1095,Front Door,STATE,RESET,0,9.6,
2022-11-29 12:27:32,1095,Front Door,STATE,RESET,0,9.6,
2022-11-29 12:26:49,1095,Front Door,STATE,PRE-WARN,0,9.2,
2022-11-29 12:12:35,1095,Front Door,STATE,RESET,0,9.2,
2022-11-29 12:11:53,1095,Front Door,STATE,PRE-WARN,0,9.2,
2022-11-29 12:01:14,1095,Front Door,STATE,RESET,0,9.2,
2022-11-29 12:00:46,1095,Front Door,STATE,PRE-WARN,0,9.2,
2022-11-29 12:00:29,1095,Front Door,STATE,PRE-WARN,0,8.9,
2022-11-29 11:53:55,1095,Front Door,STATE,RESET,0,8.9,
2022-11-29 11:53:17,1095,Front Door,STATE,PRE-WARN,0,8.5,
2022-11-29 11:44:31,1095,Front Door,STATE,RESET,0,8.5,
2022-11-29 11:43:51,1095,Front Door,STATE,PRE-WARN,0,8.2,
2022-11-29 11:38:38,1095,Front Door,STATE,RESET,0,8.2,
2022-11-29 11:37:56,1095,Front Door,STATE,PRE-WARN,0,8.2,
2022-11-29 11:33:27,1095,Front Door,STATE,RESET,0,8.2,
2022-11-29 11:32:45,1095,Front Door,STATE,PRE-WARN,0,8.2,
2022-11-29 11:32:27,1095,Front Door,STATE,RESET,0,8.2,
2022-11-29 11:31:44,1095,Front Door,STATE,PRE-WARN,0,9.2,
2022-11-29 10:19:00,1095,Front Door,STATE,RESET,0,9.2,
2022-11-29 10:18:18,1095,Front Door,STATE,PRE-WARN,0,8.9,
2022-11-29 10:11:54,1095,Front Door,STATE,PRE-WARN,0,8.9,
2022-11-29 10:10:30,1095,Front Door,STATE,RESET,0,8.9,
2022-11-29 10:08:37,1095,Front Door,STATE,RESET,0,8.9,
2022-11-29 10:08:26,1095,Front Door,STATE,PRE-WARN,0,8.9,
2022-11-29 10:07:52,1095,Front Door,STATE,PRE-WARN,0,8.9,
2022-11-29 10:05:55,1095,Front Door,STATE,RESET,0,8.9,
2022-11-29 10:05:12,1095,Front Door,STATE,PRE-WARN,0,8.9,
2022-11-29 10:04:00,1095,Front Door,STATE,RESET,0,8.9,
2022-11-29 10:03:42,1095,Front Door,STATE,PRE-WARN,0,8.9,
2022-11-29 10:03:14,1095,Front Door,STATE,PRE-WARN,0,8.9,
2022-11-29 10:02:55,1095,Front Door,STATE,RESET,0,8.9,
2022-11-29 10:02:12,1095,Front Door,STATE,PRE-WARN,0,8.9,
2022-11-29 09:50:00,1095,Front Door,STATE,RESET,0,8.9,
2022-11-29 09:49:18,1095,Front Door,STATE,PRE-WARN,0,8.9,
2022-11-29 09:42:57,1095,Front Door,STATE,RESET,0,8.9,
2022-11-29 09:42:14,1095,Front Door,STATE,PRE-WARN,0,8.9,
2022-11-29 09:35:56,1095,Front Door,STATE,RESET,0,8.9,
2022-11-29 09:35:13,1095,Front Door,STATE,PRE-WARN,0,8.5,
2022-11-29 09:26:30,1095,Front Door,STATE,RESET,0,8.5,
2022-11-29 09:25:51,1095,Front Door,STATE,PRE-WARN,0,8.5,
2022-11-29 09:18:04,1095,Front Door,STATE,RESET,0,8.5,
2022-11-29 09:17:23,1095,Front Door,STATE,PRE-WARN,0,8.5,
2022-11-29 09:10:14,1095,Front Door,STATE,RESET,0,8.5,
2022-11-29 09:09:53,1095,Front Door,STATE,PRE-WARN,0,8.5,
2022-11-29 09:09:30,1095,Front Door,STATE,PRE-WARN,0,8.5,
2022-11-29 09:09:21,1095,Front Door,STATE,RESET,0,8.5,
2022-11-29 09:08:37,1095,Front Door,STATE,PRE-WARN,0,7.8,
2022-11-29 08:28:39,1095,Front Door,STATE,RESET,0,7.8,
2022-11-29 08:27:59,1095,Front Door,STATE,PRE-WARN,0,7.8,
2022-11-29 08:27:48,1095,Front Door,STATE,RESET,0,7.8,
2022-11-29 08:27:06,1095,Front Door,STATE,PRE-WARN,0,7.8,
2022-11-29 08:23:14,1095,Front Door,STATE,PRE-WARN,0,7.8,
2022-11-29 08:21:19,1095,Front Door,STATE,RESET,0,7.8,
2022-11-29 03:03:51,1095,Front Door,STATE,RESET,0,7.5,
2022-11-28 21:46:46,1095,Front Door,STATE,RESET,0,7.1,
2022-11-28 21:46:33,1095,Front Door,STATE,PRE-WARN,0,7.1,
2022-11-28 21:46:04,1095,Front Door,STATE,PRE-WARN,0,7.1,
2022-11-28 21:45:36,1095,Front Door,STATE,RESET,0,7.1,
2022-11-28 21:44:54,1095,Front Door,STATE,PRE-WARN,0,7.1,
2022-11-28 21:44:14,1095,Front Door,STATE,PRE-WARN,0,7.1,
2022-11-28 21:42:19,1095,Front Door,STATE,RESET,0,7.1,
2022-11-28 21:41:48,1095,Front Door,STATE,PRE-WARN,0,7.1,
2022-11-28 21:41:36,1095,Front Door,STATE,PRE-WARN,0,7.1,
2022-11-28 21:40:27,1095,Front Door,STATE,RESET,0,7.1,
2022-11-28 21:39:44,1095,Front Door,STATE,PRE-WARN,0,8.9,
2022-11-28 18:51:29,1095,Front Door,STATE,RESET,0,8.9,
2022-11-28 18:50:49,1095,Front Door,STATE,PRE-WARN,0,11,
2022-11-28 13:41:49,1095,Front Door,STATE,RESET,0,11,
2022-11-28 13:41:08,1095,Front Door,STATE,PRE-WARN,0,11,
2022-11-28 13:27:47,1095,Front Door,STATE,RESET,0,11,
2022-11-28 13:27:05,1095,Front Door,STATE,PRE-WARN,0,9.9,
2022-11-28 10:49:25,1095,Front Door,STATE,RESET,0,9.9,
2022-11-28 10:48:45,1095,Front Door,STATE,PRE-WARN,0,9.9,
2022-11-28 10:35:16,1095,Front Door,STATE,RESET,0,9.9,
2022-11-28 10:34:36,1095,Front Door,STATE,PRE-WARN,0,9.2,
2022-11-28 09:41:33,1095,Front Door,STATE,RESET,0,9.2,
2022-11-28 09:40:53,1095,Front Door,STATE,PRE-WARN,0,8.9,
2022-11-28 09:19:29,1095,Front Door,STATE,RESET,0,8.9,
2022-11-28 04:01:50,1095,Front Door,STATE,RESET,0,9.9,
2022-11-27 22:43:42,1095,Front Door,STATE,RESET,0,11,
2022-11-27 17:25:41,1095,Front Door,STATE,RESET,0,11.3,
2022-11-27 12:07:36,1095,Front Door,STATE,RESET,0,11.3,
2022-11-27 12:06:56,1095,Front Door,STATE,PRE-WARN,0,11.3,
2022-11-27 12:05:12,1095,Front Door,STATE,RESET,0,11.3,
2022-11-27 12:04:31,1095,Front Door,STATE,PRE-WARN,0,11.3,
2022-11-27 11:53:33,1095,Front Door,STATE,PRE-WARN,0,11.3,
2022-11-27 11:53:22,1095,Front Door,STATE,PRE-WARN,0,11.3,
2022-11-25 23:20:07,1095,Front Door,STATE,RESET,0,8.9,
2022-11-25 18:02:25,1095,Front Door,STATE,RESET,0,9.9,
2022-11-25 18:02:14,1095,Front Door,STATE,RESET,0,9.9,
2022-11-25 12:44:08,1095,Front Door,STATE,RESET,0,12.4,
2022-11-25 07:26:13,1095,Front Door,STATE,RESET,0,8.9,
2022-11-25 02:08:36,1095,Front Door,STATE,RESET,0,9.2,
2022-11-24 10:14:20,1095,Front Door,STATE,RESET,0,10.6,
2022-11-24 04:56:44,1095,Front Door,STATE,RESET,0,8.5,
2022-11-23 23:39:04,1095,Front Door,STATE,RESET,0,9.2,
2022-11-23 13:03:26,1095,Front Door,STATE,RESET,0,11,
2022-11-23 13:02:42,1095,Front Door,STATE,PRE-WARN,0,10.6,
2022-11-23 12:57:21,1095,Front Door,STATE,RESET,0,10.6,
2022-11-23 12:56:41,1095,Front Door,STATE,PRE-WARN,0,10.3,
2022-11-23 12:02:47,1095,Front Door,STATE,RESET,0,10.3,
2022-11-23 12:02:04,1095,Front Door,STATE,PRE-WARN,0,9.2,
2022-11-23 08:09:17,1095,Front Door,STATE,RESET,0,9.2,
2022-11-23 02:51:46,1095,Front Door,STATE,RESET,0,7.5,
2022-11-22 10:58:39,1095,Front Door,STATE,RESET,0,10.6,
2022-11-22 10:57:59,1095,Front Door,STATE,PRE-WARN,0,10.3,
2022-11-22 10:46:18,1095,Front Door,STATE,RESET,0,10.3,
2022-11-22 10:45:37,1095,Front Door,STATE,PRE-WARN,0,8.2,
2022-11-22 08:16:02,1095,Front Door,STATE,RESET,0,8.2,
2022-11-22 02:58:27,1095,Front Door,STATE,RESET,0,7.8,
2022-11-21 21:40:48,1095,Front Door,STATE,RESET,0,9.2,
2022-11-21 16:23:29,1095,Front Door,STATE,RESET,0,9.9,
2022-11-21 16:22:49,1095,Front Door,STATE,PRE-WARN,0,9.9,
2022-11-21 16:20:47,1095,Front Door,STATE,RESET,0,9.9,
2022-11-21 16:20:01,1095,Front Door,STATE,PRE-WARN,0,9.9,
2022-11-21 16:13:20,1095,Front Door,STATE,RESET,0,9.9,
2022-11-21 16:12:37,1095,Front Door,STATE,PRE-WARN,0,9.9,
2022-11-21 15:24:58,1095,Front Door,STATE,RESET,0,9.9,
2022-11-21 15:24:55,1095,Front Door,STATE,RESET,0,9.9,
2022-11-21 15:24:33,1095,Front Door,STATE,PRE-WARN,0,9.9,
2022-11-21 15:24:15,1095,Front Door,STATE,PRE-WARN,0,9.9,
2022-11-21 15:15:11,1095,Front Door,STATE,RESET,0,9.9,
2022-11-21 15:14:25,1095,Front Door,STATE,PRE-WARN,0,9.9,
2022-11-21 15:07:27,1095,Front Door,STATE,RESET,0,9.9,
2022-11-21 15:06:46,1095,Front Door,STATE,PRE-WARN,0,10.3,
2022-11-21 14:40:43,1095,Front Door,STATE,RESET,0,10.3,
2022-11-21 14:39:59,1095,Front Door,STATE,PRE-WARN,0,10.3,
2022-11-21 14:38:50,1095,Front Door,STATE,RESET,0,10.3,
2022-11-21 14:38:07,1095,Front Door,STATE,PRE-WARN,0,10.6,
2022-11-21 13:49:52,1095,Front Door,STATE,RESET,0,10.6,
2022-11-21 13:49:18,1095,Front Door,STATE,PRE-WARN,0,10.6,
2022-11-21 13:48:15,1095,Front Door,STATE,RESET,0,10.6,
2022-11-21 13:47:31,1095,Front Door,STATE,PRE-WARN,0,10.6,
2022-11-21 13:45:55,1095,Front Door,STATE,RESET,0,10.6,
2022-11-21 13:45:11,1095,Front Door,STATE,PRE-WARN,0,9.9,
2022-11-21 11:36:24,1095,Front Door,STATE,RESET,0,9.9,
2022-11-21 11:35:44,1095,Front Door,STATE,PRE-WARN,0,5.7,
2022-11-15 09:47:53,1095,Front Door,STATE,RESET,0,13.8,
2022-11-15 09:47:11,1095,Front Door,STATE,PRE-WARN,0,13.4,
2022-11-15 09:01:29,1095,Front Door,STATE,RESET,0,13.4,
2022-11-15 03:43:40,1095,Front Door,STATE,RESET,0,11.7,
2022-11-14 22:24:46,1095,Front Door,STATE,RESET,0,13.1,
2022-11-14 17:06:34,1095,Front Door,STATE,RESET,0,11,
2022-11-14 17:05:51,1095,Front Door,STATE,PRE-WARN,0,11.3,
2022-11-14 16:06:26,1095,Front Door,STATE,RESET,0,11.3,
2022-11-14 16:05:44,1095,Front Door,STATE,PRE-WARN,0,12.4,
2022-11-14 15:10:42,1095,Front Door,STATE,RESET,0,12.4,
2022-11-14 09:52:05,1095,Front Door,STATE,RESET,0,13.1,
2022-11-14 04:35:52,1095,Front Door,STATE,RESET,0,10.6,
2022-11-13 23:15:55,1095,Front Door,STATE,RESET,0,11.7,
2022-11-13 17:57:32,1095,Front Door,STATE,RESET,0,13.8,
2022-11-13 12:38:43,1095,Front Door,STATE,RESET,0,15.5,
2022-11-13 07:20:12,1095,Front Door,STATE,RESET,0,12.4,
2022-11-13 02:01:45,1095,Front Door,STATE,RESET,0,13.8,
2022-11-12 20:43:12,1095,Front Door,STATE,RESET,0,13.8,
2022-11-12 15:24:31,1095,Front Door,STATE,RESET,0,15.5,
2022-11-12 10:05:36,1095,Front Door,STATE,RESET,0,14.5,
2022-11-12 04:47:06,1095,Front Door,STATE,RESET,0,11.7,
2022-11-11 23:28:47,1095,Front Door,STATE,RESET,0,12.7,
2022-11-11 18:10:09,1095,Front Door,STATE,RESET,0,14.1,
2022-11-11 12:51:35,1095,Front Door,STATE,RESET,0,16.6,
2022-11-11 12:50:54,1095,Front Door,STATE,PRE-WARN,0,15.5,
2022-11-11 10:42:52,1095,Front Door,STATE,RESET,0,15.5,
2022-11-11 05:24:12,1095,Front Door,STATE,RESET,0,14.1,
2022-11-11 00:05:32,1095,Front Door,STATE,RESET,0,14.1,
2022-11-10 18:46:51,1095,Front Door,STATE,RESET,0,14.5,
2022-11-09 21:32:34,1095,Front Door,STATE,RESET,0,12.4,
2022-11-09 16:14:04,1095,Front Door,STATE,RESET,0,14.5,
2022-11-09 10:55:09,1095,Front Door,STATE,RESET,0,15.2,
2022-11-09 05:36:37,1095,Front Door,STATE,RESET,0,13.1,
2022-11-09 00:18:04,1095,Front Door,STATE,RESET,0,13.8,
2022-11-08 18:59:26,1095,Front Door,STATE,RESET,0,14.1,
2022-11-08 13:40:37,1095,Front Door,STATE,RESET,0,16.9,
2022-11-08 08:21:46,1095,Front Door,STATE,RESET,0,14.1,
2022-11-08 03:03:11,1095,Front Door,STATE,RESET,0,14.5,
2022-11-07 21:44:32,1095,Front Door,STATE,RESET,0,14.1,
2022-11-07 16:25:55,1095,Front Door,STATE,RESET,0,14.1,
2022-11-07 16:25:13,1095,Front Door,STATE,PRE-WARN,0,14.1,
2022-11-07 16:04:47,1095,Front Door,STATE,PRE-WARN,0,14.1,
2022-11-07 10:54:44,1095,Front Door,STATE,RESET,0,14.1,
2022-11-07 10:54:06,1095,Front Door,STATE,PRE-WARN,0,12.4,
2022-11-07 07:12:50,1095,Front Door,STATE,RESET,0,12.4,
2022-11-07 01:54:28,1095,Front Door,STATE,RESET,0,11.7,
2022-11-06 20:36:07,1095,Front Door,STATE,RESET,0,12,
2022-11-06 15:17:53,1095,Front Door,STATE,RESET,0,13.4,
2022-11-06 15:17:40,1095,Front Door,STATE,RESET,0,13.4,
2022-11-06 09:59:08,1095,Front Door,STATE,RESET,0,13.8,
2022-11-06 04:40:37,1095,Front Door,STATE,RESET,0,13.4,
2022-11-05 23:22:04,1095,Front Door,STATE,RESET,0,13.1,
2022-11-05 18:03:39,1095,Front Door,STATE,RESET,0,12.7,
2022-11-05 12:45:17,1095,Front Door,STATE,RESET,0,12.4,
2022-11-05 07:27:13,1095,Front Door,STATE,RESET,0,8.9,
2022-11-05 02:09:30,1095,Front Door,STATE,RESET,0,8.5,
2022-11-04 20:51:41,1095,Front Door,STATE,RESET,0,10.3,
2022-11-04 15:33:31,1095,Front Door,STATE,RESET,0,12.7,
2022-11-04 10:15:15,1095,Front Door,STATE,RESET,0,11.3,
2022-11-04 10:14:32,1095,Front Door,STATE,PRE-WARN,0,11.3,
2022-11-04 10:13:50,1095,Front Door,STATE,PRE-WARN,0,11.3,
2022-11-04 10:12:00,1095,Front Door,STATE,RESET,0,11.3,
2022-11-04 10:11:19,1095,Front Door,STATE,PRE-WARN,0,11.3,
2022-11-04 09:54:54,1095,Front Door,STATE,RESET,0,11.3,
2022-11-04 09:54:14,1095,Front Door,STATE,PRE-WARN,0,11,
2022-11-04 09:42:33,1095,Front Door,STATE,RESET,0,11,
2022-11-04 09:41:51,1095,Front Door,STATE,PRE-WARN,0,9.2,
2022-11-04 08:39:46,1095,Front Door,STATE,RESET,0,9.2,
2022-11-04 03:21:47,1095,Front Door,STATE,RESET,0,8.9,
2022-11-03 22:03:55,1095,Front Door,STATE,RESET,0,10.6,
2022-11-03 06:08:38,1095,Front Door,STATE,RESET,0,14.5,
2022-11-02 19:31:30,1095,Front Door,STATE,PRE-WARN,0,15.9,
2022-11-02 17:49:49,1095,Front Door,STATE,RESET,0,15.9,
2022-11-02 17:49:08,1095,Front Door,STATE,PRE-WARN,0,16.2,
2022-11-02 17:45:58,1095,Front Door,STATE,RESET,0,16.2,
2022-11-02 17:45:16,1095,Front Door,STATE,PRE-WARN,0,16.6,
2022-11-02 16:05:26,1095,Front Door,STATE,RESET,0,16.6,
2022-11-02 16:04:45,1095,Front Door,STATE,PRE-WARN,0,18,
2022-11-02 13:06:22,1095,Front Door,STATE,RESET,0,18,
2022-11-02 13:05:40,1095,Front Door,STATE,PRE-WARN,0,18.3,
2022-11-02 12:13:50,1095,Front Door,STATE,RESET,0,18.3,
2022-11-02 12:13:10,1095,Front Door,STATE,PRE-WARN,0,18.7,
2022-11-02 11:48:22,1095,Front Door,STATE,RESET,0,18.7,
2022-11-02 11:47:40,1095,Front Door,STATE,PRE-WARN,0,17.6,
2022-11-02 10:56:52,1095,Front Door,STATE,RESET,0,17.6,
2022-11-02 10:56:05,1095,Front Door,STATE,PRE-WARN,0,17.6,
2022-11-02 10:54:39,1095,Front Door,STATE,RESET,0,17.6,
2022-11-02 10:53:55,1095,Front Door,STATE,PRE-WARN,0,14.8,
2022-11-02 09:18:53,1095,Front Door,STATE,RESET,0,14.8,
2022-11-02 09:18:10,1095,Front Door,STATE,PRE-WARN,0,12,
2022-11-02 06:50:48,1095,Front Door,STATE,RESET,0,12,
2022-11-02 01:32:24,1095,Front Door,STATE,RESET,0,13.8,
2022-11-01 20:13:46,1095,Front Door,STATE,RESET,0,14.8,
2022-11-01 14:55:42,1095,Front Door,STATE,RESET,0,16.9,
2022-11-01 14:48:41,1095,Front Door,STATE,RESET,0,16.9,
2022-11-01 14:48:00,1095,Front Door,STATE,PRE-WARN,0,17.3,
2022-11-01 11:44:16,1095,Front Door,STATE,RESET,0,17.3,
2022-11-01 06:25:19,1095,Front Door,STATE,RESET,0,15.2,
2022-11-01 01:06:25,1095,Front Door,STATE,RESET,0,16.6,
2022-10-31 19:47:22,1095,Front Door,STATE,RESET,0,17.3,
2022-10-31 14:28:17,1095,Front Door,STATE,RESET,0,18.7,
2022-10-31 14:27:36,1095,Front Door,STATE,PRE-WARN,0,18,
2022-10-31 10:00:06,1095,Front Door,STATE,RESET,0,18,
2022-10-31 09:59:33,1095,Front Door,STATE,PRE-WARN,0,18,
2022-10-31 09:59:21,1095,Front Door,STATE,PRE-WARN,0,14.5,
2022-10-31 02:33:06,1095,Front Door,STATE,RESET,0,15.2,
2022-10-30 21:14:25,1095,Front Door,STATE,RESET,0,15.5,
2022-10-30 15:55:35,1095,Front Door,STATE,RESET,0,16.6,
2022-10-30 10:36:39,1095,Front Door,STATE,RESET,0,16.6,
2022-10-30 05:17:44,1095,Front Door,STATE,RESET,0,16.6,
2022-10-30 00:58:42,1095,Front Door,STATE,RESET,0,17.3,
2022-10-29 19:39:35,1095,Front Door,STATE,RESET,0,18,
2022-10-29 14:20:10,1095,Front Door,STATE,RESET,0,20.8,
2022-10-29 09:00:50,1095,Front Door,STATE,RESET,0,16.6,
2022-10-29 03:42:02,1095,Front Door,STATE,RESET,0,14.5,
2022-10-28 22:23:12,1095,Front Door,STATE,RESET,0,15.9,
2022-10-28 17:04:02,1095,Front Door,STATE,RESET,0,19.4,
2022-10-28 11:44:33,1095,Front Door,STATE,RESET,0,19.7,
2022-10-28 11:43:51,1095,Front Door,STATE,PRE-WARN,0,16.6,
2022-10-28 06:43:54,1095,Front Door,STATE,RESET,0,16.6,
2022-10-28 01:24:54,1095,Front Door,STATE,RESET,0,16.9,
2022-10-27 20:06:32,1095,Front Door,STATE,RESET,0,17.3,
2022-10-27 20:05:48,1095,Front Door,STATE,PRE-WARN,0,17.6,
2022-10-27 19:19:18,1095,Front Door,STATE,PRE-WARN,0,17.6,
2022-10-27 19:18:53,1095,Front Door,STATE,RESET,0,17.6,
2022-10-27 19:18:42,1095,Front Door,STATE,PRE-WARN,0,17.6,
2022-10-27 19:18:29,1095,Front Door,STATE,PRE-WARN,0,17.6,
2022-10-27 19:18:05,1095,Front Door,STATE,PRE-WARN,0,17.6,
2022-10-27 19:17:59,1095,Front Door,STATE,RESET,0,17.6,
2022-10-27 19:17:42,1095,Front Door,STATE,PRE-WARN,0,17.6,
2022-10-27 19:17:14,1095,Front Door,STATE,PRE-WARN,0,17.6,
2022-10-27 19:14:12,1095,Front Door,STATE,PRE-WARN,0,17.6,
2022-10-27 19:13:54,1095,Front Door,STATE,PRE-WARN,0,17.6,
2022-10-27 18:53:47,1095,Front Door,STATE,RESET,0,17.6,
2022-10-27 10:38:02,1095,Front Door,STATE,PRE-WARN,0,17.6,
2022-10-26 10:57:43,1095,Front Door,STATE,PRE-WARN,0,20.4,
2022-10-26 10:57:22,1095,Front Door,STATE,PRE-WARN,0,17.3,
2022-10-26 06:19:37,1095,Front Door,STATE,RESET,0,17.3,
2022-10-26 01:00:32,1095,Front Door,STATE,RESET,0,16.9,
2022-10-25 19:41:46,1095,Front Door,STATE,RESET,0,15.2,
2022-10-25 19:41:04,1095,Front Door,STATE,PRE-WARN,0,20.4,
2022-10-25 15:21:52,1095,Front Door,STATE,RESET,0,20.4,
2022-10-25 10:02:26,1095,Front Door,STATE,RESET,0,16.9,
2022-10-25 04:43:47,1095,Front Door,STATE,RESET,0,14.8,
2022-10-24 23:25:05,1095,Front Door,STATE,RESET,0,16.2,
2022-10-24 18:06:07,1095,Front Door,STATE,RESET,0,18,
2022-10-24 12:46:57,1095,Front Door,STATE,RESET,0,20.1,
2022-10-24 12:46:17,1095,Front Door,STATE,PRE-WARN,0,20.1,
2022-10-24 12:00:19,1095,Front Door,STATE,PRE-WARN,0,19.7,
2022-10-24 11:36:46,1095,Front Door,STATE,PRE-WARN,0,19.7,
2022-10-24 11:34:29,1095,Front Door,STATE,RESET,0,19.7,
2022-10-24 11:33:47,1095,Front Door,STATE,PRE-WARN,0,18.7,
2022-10-24 11:15:43,1095,Front Door,STATE,RESET,0,18.7,
2022-10-24 11:14:58,1095,Front Door,STATE,PRE-WARN,0,18,
2022-10-24 10:57:22,1095,Front Door,STATE,RESET,0,18,
2022-10-24 10:56:42,1095,Front Door,STATE,PRE-WARN,0,16.6,
2022-10-24 09:56:49,1095,Front Door,STATE,PRE-WARN,0,16.6,
2022-10-24 09:51:17,1095,Front Door,STATE,RESET,0,16.6,
2022-10-24 09:50:34,1095,Front Door,STATE,PRE-WARN,0,16.6,
2022-10-24 09:38:06,1095,Front Door,STATE,RESET,0,16.6,
2022-10-24 09:37:36,1095,Front Door,STATE,PRE-WARN,0,16.6,
2022-10-24 09:37:28,1095,Front Door,STATE,PRE-WARN,0,15.9,
2022-10-24 07:54:03,1095,Front Door,STATE,RESET,0,15.9,
2022-10-24 02:35:11,1095,Front Door,STATE,RESET,0,16.6,
2022-10-23 21:16:21,1095,Front Door,STATE,RESET,0,15.5,
2022-10-23 15:57:20,1095,Front Door,STATE,RESET,0,18.7,
2022-10-23 10:38:15,1095,Front Door,STATE,RESET,0,17.6,
2022-10-23 05:19:11,1095,Front Door,STATE,RESET,0,16.6,
2022-10-23 00:00:11,1095,Front Door,STATE,RESET,0,16.9,
2022-10-22 18:41:09,1095,Front Door,STATE,RESET,0,17.3,
2022-10-22 13:21:54,1095,Front Door,STATE,RESET,0,19,
2022-10-22 08:02:50,1095,Front Door,STATE,RESET,0,16.2,
2022-10-22 02:43:53,1095,Front Door,STATE,RESET,0,16.6,
2022-10-21 21:24:51,1095,Front Door,STATE,RESET,0,16.9,
2022-10-21 16:05:37,1095,Front Door,STATE,RESET,0,18.3,
2022-10-21 10:46:31,1095,Front Door,STATE,RESET,0,17.3,
2022-10-21 10:45:50,1095,Front Door,STATE,PRE-WARN,0,13.8,
2022-10-21 05:39:12,1095,Front Door,STATE,RESET,0,13.8,
2022-10-21 00:20:44,1095,Front Door,STATE,RESET,0,14.5,
2022-10-20 19:01:57,1095,Front Door,STATE,RESET,0,16.6,
2022-10-20 13:42:51,1095,Front Door,STATE,RESET,0,18.7,
2022-10-20 13:42:06,1095,Front Door,STATE,PRE-WARN,0,16.6,
2022-10-20 08:45:00,1095,Front Door,STATE,RESET,0,16.6,
2022-10-20 03:26:04,1095,Front Door,STATE,RESET,0,16.2,
2022-10-19 22:07:07,1095,Front Door,STATE,RESET,0,16.2,
2022-10-19 16:48:02,1095,Front Door,STATE,RESET,0,17.3,
2022-10-19 11:29:03,1095,Front Door,STATE,RESET,0,18,
2022-10-19 11:28:22,1095,Front Door,STATE,PRE-WARN,0,16.9,
2022-10-19 10:40:01,1095,Front Door,STATE,RESET,0,16.9,
2022-10-19 10:39:19,1095,Front Door,STATE,PRE-WARN,0,16.9,
2022-10-19 10:35:18,1095,Front Door,STATE,RESET,0,16.9,
2022-10-19 10:34:36,1095,Front Door,STATE,PRE-WARN,0,16.9,
2022-10-19 10:31:42,1095,Front Door,STATE,RESET,0,16.9,
2022-10-19 10:31:01,1095,Front Door,STATE,PRE-WARN,0,14.8,
2022-10-19 08:29:01,1095,Front Door,STATE,RESET,0,14.8,
2022-10-19 03:10:23,1095,Front Door,STATE,RESET,0,13.8,
2022-10-18 21:52:06,1095,Front Door,STATE,RESET,0,13.4,
2022-10-18 21:51:56,1095,Front Door,STATE,RESET,0,13.4,
2022-10-18 16:33:52,1095,Front Door,STATE,RESET,0,15.9,
2022-10-18 16:33:40,1095,Front Door,STATE,PRE-WARN,0,15.9,
2022-10-18 16:33:08,1095,Front Door,STATE,PRE-WARN,0,18,
2022-10-18 14:59:13,1095,Front Door,STATE,RESET,0,18,
2022-09-10 12:31:30,1095,Front Door,STATE,RESET,0,21.1,
2022-09-10 12:30:50,1095,Front Door,STATE,PRE-WARN,0,20.8,
2022-09-10 11:40:54,1095,Front Door,STATE,PRE-WARN,0,16.9,
2022-09-10 08:56:24,1095,Front Door,STATE,RESET,0,16.9,
2022-09-10 08:55:45,1095,Front Door,STATE,PRE-WARN,0,16.9,
2022-09-10 08:54:07,1095,Front Door,STATE,RESET,0,16.9,
2022-09-10 08:53:24,1095,Front Door,STATE,PRE-WARN,0,16.9,
2022-09-10 08:24:05,1095,Front Door,STATE,RESET,0,16.9,
2022-09-10 08:23:22,1095,Front Door,STATE,PRE-WARN,0,17.6,
2022-09-10 07:58:30,1095,Front Door,STATE,RESET,0,17.6,
2022-09-10 07:57:47,1095,Front Door,STATE,PRE-WARN,0,16.9,
2022-09-10 04:22:25,1095,Front Door,STATE,RESET,0,16.9,
2022-09-09 23:03:15,1095,Front Door,STATE,RESET,0,18,
2022-09-09 17:44:05,1095,Front Door,STATE,RESET,0,20.1,
2022-09-09 17:43:23,1095,Front Door,STATE,PRE-WARN,0,21.5,
2022-09-09 15:32:06,1095,Front Door,STATE,RESET,0,21.5,
2022-09-09 15:31:16,1095,Front Door,STATE,PRE-WARN,0,20.1,
2022-09-09 11:53:40,1095,Front Door,STATE,RESET,0,20.1,
2022-09-09 11:52:56,1095,Front Door,STATE,PRE-WARN,0,17.6,
2022-09-09 10:32:04,1095,Front Door,STATE,RESET,0,17.6,
2022-09-09 10:31:23,1095,Front Door,STATE,PRE-WARN,0,17.6,
2022-09-09 10:31:05,1095,Front Door,STATE,RESET,0,17.6,
2022-09-09 10:30:24,1095,Front Door,STATE,PRE-WARN,0,18.3,
2022-09-09 09:52:34,1095,Front Door,STATE,RESET,0,18.3,
2022-09-09 09:51:53,1095,Front Door,STATE,PRE-WARN,0,18.3,
2022-09-09 09:36:52,1095,Front Door,STATE,RESET,0,18.3,
2022-09-09 09:36:09,1095,Front Door,STATE,PRE-WARN,0,17.6,
2022-09-09 05:38:03,1095,Front Door,STATE,RESET,0,17.6,
2022-09-09 00:18:43,1095,Front Door,STATE,RESET,0,18.7,
2022-09-08 18:59:51,1095,Front Door,STATE,RESET,0,19.7,
2022-09-08 18:59:07,1095,Front Door,STATE,PRE-WARN,0,19.7,
2022-09-08 18:54:50,1095,Front Door,STATE,RESET,0,19.7,
2022-09-08 13:35:15,1095,Front Door,STATE,RESET,0,21.5,
2022-09-08 13:34:31,1095,Front Door,STATE,PRE-WARN,0,20.4,
2022-09-08 10:23:07,1095,Front Door,STATE,RESET,0,20.4,
2022-09-08 10:22:23,1095,Front Door,STATE,PRE-WARN,0,19.4,
2022-09-08 07:51:19,1095,Front Door,STATE,RESET,0,19.4,
2022-09-08 02:31:52,1095,Front Door,STATE,RESET,0,19,
2022-09-07 21:12:19,1095,Front Door,STATE,RESET,0,21.1,
2022-09-07 15:52:33,1095,Front Door,STATE,RESET,0,23.9,
2022-09-07 15:51:49,1095,Front Door,STATE,PRE-WARN,0,23.9,
2022-09-07 15:49:15,1095,Front Door,STATE,PRE-WARN,0,23.9,
2022-09-07 15:45:23,1095,Front Door,STATE,RESET,0,23.9,
2022-09-07 15:44:41,1095,Front Door,STATE,PRE-WARN,0,23.9,
2022-09-07 15:37:36,1095,Front Door,STATE,PRE-WARN,0,23.9,
2022-09-07 12:26:15,1095,Front Door,STATE,RESET,0,25.3,
2022-09-02 07:07:00,1095,Front Door,STATE,RESET,0,19.4,
2022-09-02 01:47:29,1095,Front Door,STATE,RESET,0,20.8,
2022-09-01 20:27:40,1095,Front Door,STATE,RESET,0,22.9,
2022-09-01 15:07:37,1095,Front Door,STATE,RESET,0,27.1,
2022-09-01 15:06:55,1095,Front Door,STATE,PRE-WARN,0,25,
2022-09-01 12:06:15,1095,Front Door,STATE,RESET,0,25,
2022-09-01 12:05:31,1095,Front Door,STATE,PRE-WARN,0,20.8,
2022-09-01 08:38:21,1095,Front Door,STATE,RESET,0,20.8,
2022-09-01 03:18:51,1095,Front Door,STATE,RESET,0,19.7,
2022-08-31 21:59:19,1095,Front Door,STATE,RESET,0,19.7,
2022-08-31 16:39:36,1095,Front Door,STATE,RESET,0,22.5,
2022-08-31 16:38:53,1095,Front Door,STATE,PRE-WARN,0,22.2,
2022-08-31 15:33:28,1095,Front Door,STATE,PRE-WARN,0,22.2,
2022-08-31 15:31:49,1095,Front Door,STATE,RESET,0,22.2,
2022-08-31 15:31:07,1095,Front Door,STATE,PRE-WARN,0,22.5,
2022-08-31 14:55:38,1095,Front Door,STATE,RESET,0,24.3,
2022-08-31 14:54:56,1095,Front Door,STATE,PRE-WARN,0,24.6,
2022-08-31 14:54:16,1095,Front Door,STATE,RESET,0,24.6,
2022-08-31 14:53:36,1095,Front Door,STATE,PRE-WARN,0,25.7,
2022-08-31 14:42:38,1095,Front Door,STATE,RESET,0,25.7,
2022-08-31 14:41:58,1095,Front Door,STATE,PRE-WARN,0,23.2,
2022-08-31 10:02:39,1095,Front Door,STATE,RESET,0,23.2,
2022-08-31 04:43:04,1095,Front Door,STATE,RESET,0,18.7,
2022-08-30 23:23:38,1095,Front Door,STATE,RESET,0,19.7,
2022-08-30 18:03:46,1095,Front Door,STATE,RESET,0,26,
2022-08-30 12:43:40,1095,Front Door,STATE,RESET,0,25,
2022-08-30 12:42:58,1095,Front Door,STATE,PRE-WARN,0,25,
2022-08-30 11:19:54,1095,Front Door,STATE,RESET,0,25,
2022-08-30 11:19:12,1095,Front Door,STATE,PRE-WARN,0,22.9,
2022-08-30 10:05:42,1095,Front Door,STATE,RESET,0,22.9,
2022-08-30 04:46:07,1095,Front Door,STATE,RESET,0,19.7,
2022-08-29 23:26:39,1095,Front Door,STATE,RESET,0,20.1,
2022-08-29 18:06:52,1095,Front Door,STATE,RESET,0,22.9,
2022-08-29 12:46:35,1095,Front Door,STATE,RESET,0,24.6,
2022-08-29 07:26:42,1095,Front Door,STATE,RESET,0,19,
2022-08-29 02:07:18,1095,Front Door,STATE,RESET,0,19.7,
2022-08-28 20:47:41,1095,Front Door,STATE,RESET,0,21.8,
2022-08-28 15:27:20,1095,Front Door,STATE,RESET,0,27.1,
2022-08-28 10:06:57,1095,Front Door,STATE,RESET,0,22.9,
2022-08-28 04:47:40,1095,Front Door,STATE,RESET,0,17.6,
2022-08-27 23:28:20,1095,Front Door,STATE,RESET,0,20.1,
2022-08-27 18:08:24,1095,Front Door,STATE,RESET,0,26.7,
2022-08-27 12:47:51,1095,Front Door,STATE,RESET,0,26,
2022-08-27 07:27:49,1095,Front Door,STATE,RESET,0,19.7,
2022-08-27 02:08:09,1095,Front Door,STATE,RESET,0,20.8,
2022-08-26 20:48:20,1095,Front Door,STATE,RESET,0,22.9,
2022-08-26 15:27:48,1095,Front Door,STATE,RESET,0,26.7,
2022-08-26 10:07:21,1095,Front Door,STATE,RESET,0,22.2,
2022-08-26 04:48:00,1095,Front Door,STATE,RESET,0,18,
2022-08-25 23:28:28,1095,Front Door,STATE,RESET,0,20.8,
2022-08-25 18:08:35,1095,Front Door,STATE,RESET,0,25,
2022-08-25 12:48:32,1095,Front Door,STATE,RESET,0,24.3,
2022-08-25 12:47:49,1095,Front Door,STATE,PRE-WARN,0,24.6,
2022-08-25 09:52:54,1095,Front Door,STATE,RESET,0,24.6,
2022-08-25 04:32:42,1095,Front Door,STATE,RESET,0,23.9,
2022-08-24 23:12:21,1095,Front Door,STATE,RESET,0,25.3,
2022-08-24 17:51:31,1095,Front Door,STATE,RESET,0,32,
2022-08-24 12:30:10,1095,Front Door,STATE,RESET,0,29.5,
2022-08-24 07:09:38,1095,Front Door,STATE,RESET,0,23.2,
2022-08-24 01:49:33,1095,Front Door,STATE,RESET,0,23.2,
2022-08-23 20:29:16,1095,Front Door,STATE,RESET,0,25.7,
2022-08-23 15:08:45,1095,Front Door,STATE,RESET,0,28.8,
2022-08-23 15:08:03,1095,Front Door,STATE,PRE-WARN,0,28.8,
2022-08-23 15:07:29,1095,Front Door,STATE,RESET,0,28.8,
2022-08-23 15:06:48,1095,Front Door,STATE,PRE-WARN,0,29.2,
2022-08-23 14:37:31,1095,Front Door,STATE,RESET,0,29.2,
2022-08-23 14:37:08,1095,Front Door,STATE,PRE-WARN,0,29.2,
2022-08-23 12:45:56,1095,Front Door,STATE,RESET,0,27.8,
2022-08-23 12:45:12,1095,Front Door,STATE,PRE-WARN,0,27.8,
2022-08-23 12:39:54,1095,Front Door,STATE,RESET,0,27.8,
2022-08-23 12:39:39,1095,Front Door,STATE,PRE-WARN,0,27.8,
2022-08-23 12:39:09,1095,Front Door,STATE,PRE-WARN,0,26.4,
2022-08-23 11:53:46,1095,Front Door,STATE,PRE-WARN,0,23.9,
2022-08-23 09:23:40,1095,Front Door,STATE,RESET,0,23.9,
2022-08-23 04:03:41,1095,Front Door,STATE,RESET,0,22.2,
2022-08-22 22:43:46,1095,Front Door,STATE,RESET,0,23.2,
2022-08-22 17:23:27,1095,Front Door,STATE,RESET,0,27.1,
2022-08-22 12:03:02,1095,Front Door,STATE,RESET,0,26,
2022-08-22 12:02:19,1095,Front Door,STATE,PRE-WARN,0,19.4,
2022-08-22 07:01:23,1095,Front Door,STATE,RESET,0,19.4,
2022-08-22 01:41:56,1095,Front Door,STATE,RESET,0,20.4,
2022-08-21 20:22:04,1095,Front Door,STATE,RESET,0,23.6,
2022-08-21 15:01:34,1095,Front Door,STATE,RESET,0,26.7,
2022-08-21 09:41:15,1095,Front Door,STATE,RESET,0,22.5,
2022-08-21 04:21:32,1095,Front Door,STATE,RESET,0,20.4,
2022-08-20 23:01:52,1095,Front Door,STATE,RESET,0,22.5,
2022-08-20 23:01:40,1095,Front Door,STATE,RESET,0,22.5,
2022-08-20 17:41:10,1095,Front Door,STATE,RESET,0,29.2,
2022-08-20 12:20:17,1095,Front Door,STATE,RESET,0,26,
2022-08-20 07:00:17,1095,Front Door,STATE,RESET,0,19.4,
2022-08-20 01:40:46,1095,Front Door,STATE,RESET,0,20.4,
2022-08-19 20:20:50,1095,Front Door,STATE,RESET,0,23.9,
2022-08-19 15:00:06,1095,Front Door,STATE,RESET,0,28.1,
2022-08-19 09:39:21,1095,Front Door,STATE,RESET,0,23.6,
2022-08-19 04:19:23,1095,Front Door,STATE,RESET,0,21.5,
2022-08-18 22:59:26,1095,Front Door,STATE,RESET,0,22.5,
2022-08-18 17:39:03,1095,Front Door,STATE,RESET,0,27.4,
2022-08-18 12:18:37,1095,Front Door,STATE,RESET,0,23.6,
2022-08-18 06:58:43,1095,Front Door,STATE,RESET,0,20.8,
2022-08-18 06:58:31,1095,Front Door,STATE,RESET,0,20.8,
2022-08-18 01:38:47,1095,Front Door,STATE,RESET,0,20.8,
2022-08-17 20:19:08,1095,Front Door,STATE,RESET,0,22.2,
2022-08-17 20:18:57,1095,Front Door,STATE,RESET,0,22.2,
2022-08-17 14:58:37,1095,Front Door,STATE,RESET,0,25,
2022-08-17 09:38:11,1095,Front Door,STATE,RESET,0,23.9,
2022-08-17 04:18:14,1095,Front Door,STATE,RESET,0,21.8,
2022-08-16 22:58:13,1095,Front Door,STATE,RESET,0,22.9,
2022-08-16 17:37:52,1095,Front Door,STATE,RESET,0,25.7,
2022-08-16 12:17:12,1095,Front Door,STATE,PRE-WARN,0,29.2,
2022-08-16 12:16:53,1095,Front Door,STATE,RESET,0,29.2,
2022-08-16 12:16:09,1095,Front Door,STATE,PRE-WARN,0,29.2,
2022-08-16 11:24:21,1095,Front Door,STATE,RESET,0,29.5,
2022-03-28 15:41:11,1095,Front Door,STATE,PRE-WARN,36.5,25,
2022-03-28 15:41:09,1095,Front Door,LEARNING,RESET,-,-,
2022-03-23 19:30:38,1095,Front Door,STATE,PRE-WARN,36.5,25,
2022-03-23 19:30:32,1095,Front Door,STATE,RESET,36.5,25,
2022-03-23 19:29:50,1095,Front Door,STATE,PRE-WARN,38.1,21.1,
2022-03-23 19:29:43,1095,Front Door,LEARNING,RESET,-,-,
