Timestamp,Serial Number,Name,Mode,Alarm,rH,Temp
2023-05-15 04:36:37,1091,Stairwell Window,STATE,RESET,0,15.5,
2023-05-14 23:16:45,1091,Stairwell Window,STATE,RESET,0,16.6,
2023-05-14 01:56:11,1091,Stairwell Window,STATE,RESET,0,13.1,
2023-05-12 23:17:07,1091,Stairwell Window,STATE,RESET,0,13.1,
2023-04-19 20:23:41,1091,Stairwell Window,STATE,RESET,0,14.8,
2023-04-17 20:24:27,1091,Stairwell Window,STATE,RESET,0,14.1,
2023-04-16 12:23:52,1091,Stairwell Window,STATE,RESET,0,18,
2023-04-15 09:44:41,1091,Stairwell Window,STATE,RESET,0,12.7,
2023-04-14 23:05:47,1091,Stairwell Window,STATE,RESET,0,11.7,
2023-04-14 07:06:46,1091,Stairwell Window,STATE,RESET,0,9.9,
2023-04-13 20:28:15,1091,Stairwell Window,STATE,RESET,0,13.1,
2023-04-12 01:51:49,1091,Stairwell Window,STATE,RESET,0,12,
2023-04-11 20:32:25,1091,Stairwell Window,STATE,RESET,0,12,
2023-04-11 15:12:23,1091,Stairwell Window,STATE,RESET,0,18,
2023-04-11 09:52:25,1091,Stairwell Window,STATE,RESET,0,14.8,
2023-04-07 20:39:49,1091,Stairwell Window,STATE,RESET,0,13.4,
2023-04-07 15:19:36,1091,Stairwell Window,STATE,RESET,0,17.3,
2023-04-04 23:25:07,1091,Stairwell Window,STATE,RESET,0,9.9,
2023-03-31 18:15:56,1091,Stairwell Window,STATE,RESET,0,14.1,
2023-03-29 18:18:09,1091,Stairwell Window,STATE,RESET,0,14.8,
2023-03-29 12:58:22,1091,Stairwell Window,STATE,RESET,0,13.4,
2023-03-28 05:03:03,1091,Stairwell Window,STATE,RESET,0,9.2,
2023-02-27 08:45:45,1091,Stairwell Window,STATE,RESET,0,7.1,
2023-02-27 03:27:20,1091,Stairwell Window,STATE,RESET,0,4,
2023-02-26 22:08:56,1091,Stairwell Window,STATE,RESET,0,5.4,
2023-02-26 16:50:16,1091,Stairwell Window,STATE,RESET,0,8.5,
2023-02-26 11:31:11,1091,Stairwell Window,STATE,RESET,0,9.9,
2023-02-26 06:12:31,1091,Stairwell Window,STATE,RESET,0,6.1,
2023-02-26 00:53:56,1091,Stairwell Window,STATE,RESET,0,5.7,
2023-02-25 19:35:16,1091,Stairwell Window,STATE,RESET,0,7.1,
2023-02-25 14:16:15,1091,Stairwell Window,STATE,RESET,0,11.3,
2023-02-25 08:57:03,1091,Stairwell Window,STATE,RESET,0,7.8,
2023-02-25 03:38:16,1091,Stairwell Window,STATE,RESET,0,7.5,
2023-02-24 22:19:24,1091,Stairwell Window,STATE,RESET,0,8.2,
2023-02-24 17:00:20,1091,Stairwell Window,STATE,RESET,0,10.6,
2023-02-24 11:40:54,1091,Stairwell Window,STATE,RESET,0,11.7,
2023-02-24 06:21:48,1091,Stairwell Window,STATE,RESET,0,7.8,
2023-02-24 01:02:55,1091,Stairwell Window,STATE,RESET,0,8.2,
2023-02-23 19:43:58,1091,Stairwell Window,STATE,RESET,0,9.2,
2023-02-23 14:24:45,1091,Stairwell Window,STATE,RESET,0,11.3,
2023-02-23 09:05:26,1091,Stairwell Window,STATE,RESET,0,10.6,
2023-02-23 03:46:15,1091,Stairwell Window,STATE,RESET,0,9.6,
2023-02-22 22:27:08,1091,Stairwell Window,STATE,RESET,0,10.6,
2023-02-22 17:07:47,1091,Stairwell Window,STATE,RESET,0,11,
2023-02-07 04:28:41,1091,Stairwell Window,STATE,RESET,0,5.4,
2023-02-06 23:10:14,1091,Stairwell Window,STATE,RESET,0,7.1,
2023-02-06 17:51:23,1091,Stairwell Window,STATE,RESET,0,9.9,
2023-02-06 12:31:55,1091,Stairwell Window,STATE,RESET,0,12.4,
2023-02-06 07:12:56,1091,Stairwell Window,STATE,RESET,0,6.8,
2023-02-06 01:54:24,1091,Stairwell Window,STATE,RESET,0,7.5,
2023-02-05 20:35:41,1091,Stairwell Window,STATE,RESET,0,7.5,
2023-02-05 15:16:40,1091,Stairwell Window,STATE,RESET,0,11.7,
2023-02-05 09:57:24,1091,Stairwell Window,STATE,RESET,0,9.2,
2023-02-05 04:38:46,1091,Stairwell Window,STATE,RESET,0,8.5,
2023-02-04 23:19:46,1091,Stairwell Window,STATE,RESET,0,9.9,
2023-02-04 18:00:40,1091,Stairwell Window,STATE,RESET,0,10.6,
2023-02-04 12:41:24,1091,Stairwell Window,STATE,RESET,0,11.7,
2023-02-04 07:22:12,1091,Stairwell Window,STATE,RESET,0,10.3,
2023-02-04 02:03:04,1091,Stairwell Window,STATE,RESET,0,10.6,
2023-02-03 20:43:49,1091,Stairwell Window,STATE,RESET,0,12,
2023-02-03 15:24:24,1091,Stairwell Window,STATE,RESET,0,13.8,
2023-02-03 10:04:49,1091,Stairwell Window,STATE,RESET,0,11.7,
2023-02-03 04:45:44,1091,Stairwell Window,STATE,RESET,0,9.9,
2023-02-02 23:26:38,1091,Stairwell Window,STATE,RESET,0,11,
2023-02-02 18:07:19,1091,Stairwell Window,STATE,RESET,0,12,
2023-02-02 12:47:41,1091,Stairwell Window,STATE,RESET,0,14.5,
2023-02-02 07:28:28,1091,Stairwell Window,STATE,RESET,0,8.5,
2023-02-02 02:09:27,1091,Stairwell Window,STATE,RESET,0,9.9,
2023-02-01 20:50:19,1091,Stairwell Window,STATE,RESET,0,10.3,
2023-02-01 15:31:07,1091,Stairwell Window,STATE,RESET,0,11.7,
2023-02-01 10:11:50,1091,Stairwell Window,STATE,RESET,0,10.3,
2023-02-01 04:53:06,1091,Stairwell Window,STATE,RESET,0,7.8,
2023-01-31 23:34:20,1091,Stairwell Window,STATE,RESET,0,8.9,
2023-01-31 18:15:20,1091,Stairwell Window,STATE,RESET,0,10.6,
2023-01-31 12:56:01,1091,Stairwell Window,STATE,RESET,0,13.1,
2023-01-31 07:37:02,1091,Stairwell Window,STATE,RESET,0,7.5,
2023-01-31 02:18:22,1091,Stairwell Window,STATE,RESET,0,6.8,
2023-01-30 20:59:46,1091,Stairwell Window,STATE,RESET,0,7.5,
2023-01-30 15:40:55,1091,Stairwell Window,STATE,RESET,0,9.9,
2023-01-30 10:21:45,1091,Stairwell Window,STATE,RESET,0,9.2,
2023-01-30 05:03:04,1091,Stairwell Window,STATE,RESET,0,7.1,
2023-01-29 23:44:22,1091,Stairwell Window,STATE,RESET,0,7.1,
2023-01-28 21:10:47,1091,Stairwell Window,STATE,RESET,0,7.1,
2023-01-28 15:52:07,1091,Stairwell Window,STATE,RESET,0,8.2,
2023-01-28 10:33:18,1091,Stairwell Window,STATE,RESET,0,7.5,
2023-01-28 05:14:47,1091,Stairwell Window,STATE,RESET,0,6.1,
2023-01-27 23:56:20,1091,Stairwell Window,STATE,RESET,0,5.4,
2023-01-27 18:37:49,1091,Stairwell Window,STATE,RESET,0,7.5,
2023-01-27 13:18:50,1091,Stairwell Window,STATE,RESET,0,13.1,
2023-01-27 07:59:50,1091,Stairwell Window,STATE,RESET,0,7.8,
2023-01-27 02:41:04,1091,Stairwell Window,STATE,RESET,0,7.8,
2023-01-26 21:22:16,1091,Stairwell Window,STATE,RESET,0,8.5,
2023-01-26 16:03:18,1091,Stairwell Window,STATE,RESET,0,10.6,
2023-01-26 10:44:01,1091,Stairwell Window,STATE,RESET,0,10.3,
2023-01-26 05:25:04,1091,Stairwell Window,STATE,RESET,0,8.2,
2023-01-26 00:06:12,1091,Stairwell Window,STATE,RESET,0,9.6,
2023-01-25 18:47:13,1091,Stairwell Window,STATE,RESET,0,8.9,
2023-01-25 13:28:13,1091,Stairwell Window,STATE,RESET,0,8.9,
2023-01-25 08:09:20,1091,Stairwell Window,STATE,RESET,0,7.8,
2023-01-25 02:50:36,1091,Stairwell Window,STATE,RESET,0,8.9,
2023-01-25 02:50:25,1091,Stairwell Window,STATE,RESET,0,8.9,
2023-01-24 21:31:26,1091,Stairwell Window,STATE,RESET,0,9.2,
2023-01-24 16:12:25,1091,Stairwell Window,STATE,RESET,0,9.9,
2023-01-24 10:53:19,1091,Stairwell Window,STATE,RESET,0,9.6,
2023-01-24 05:34:27,1091,Stairwell Window,STATE,RESET,0,8.5,
2023-01-24 00:15:32,1091,Stairwell Window,STATE,RESET,0,7.8,
2023-01-23 18:56:52,1091,Stairwell Window,STATE,RESET,0,6.1,
2023-01-23 13:38:30,1091,Stairwell Window,STATE,RESET,0,4,
2023-01-23 08:20:16,1091,Stairwell Window,STATE,RESET,0,2.2,
2023-01-23 03:02:11,1091,Stairwell Window,STATE,RESET,0,2.6,
2023-01-22 21:44:09,1091,Stairwell Window,STATE,RESET,0,2.6,
2023-01-22 16:25:55,1091,Stairwell Window,STATE,RESET,0,5,
2023-01-22 11:07:24,1091,Stairwell Window,STATE,RESET,0,4.7,
2023-01-22 05:49:26,1091,Stairwell Window,STATE,RESET,0,1.9,
2023-01-22 00:31:26,1091,Stairwell Window,STATE,RESET,0,2.9,
2023-01-21 19:13:15,1091,Stairwell Window,STATE,RESET,0,4.3,
2023-01-21 13:54:41,1091,Stairwell Window,STATE,RESET,0,8.9,
2023-01-21 08:36:16,1091,Stairwell Window,STATE,RESET,0,2.6,
2023-01-21 03:18:13,1091,Stairwell Window,STATE,RESET,0,3.3,
2023-01-20 21:59:59,1091,Stairwell Window,STATE,RESET,0,4.7,
2023-01-20 16:41:43,1091,Stairwell Window,STATE,RESET,0,5.4,
2023-01-20 11:23:16,1091,Stairwell Window,STATE,RESET,0,5.4,
2023-01-20 06:05:12,1091,Stairwell Window,STATE,RESET,0,2.2,
2023-01-20 00:47:13,1091,Stairwell Window,STATE,RESET,0,2.9,
2023-01-19 19:29:09,1091,Stairwell Window,STATE,RESET,0,2.9,
2023-01-19 14:10:54,1091,Stairwell Window,STATE,RESET,0,6.1,
2023-01-19 08:52:37,1091,Stairwell Window,STATE,RESET,0,1.9,
2023-01-19 03:34:46,1091,Stairwell Window,STATE,RESET,0,1.9,
2023-01-18 22:16:46,1091,Stairwell Window,STATE,RESET,0,2.9,
2023-01-18 16:58:39,1091,Stairwell Window,STATE,RESET,0,4,
2023-01-18 11:40:23,1091,Stairwell Window,STATE,RESET,0,4,
2023-01-18 06:22:22,1091,Stairwell Window,STATE,RESET,0,1.5,
2023-01-18 01:04:27,1091,Stairwell Window,STATE,RESET,0,1.9,
2023-01-17 19:46:32,1091,Stairwell Window,STATE,RESET,0,2.6,
2023-01-17 14:28:18,1091,Stairwell Window,STATE,RESET,0,5,
2023-01-17 09:10:06,1091,Stairwell Window,STATE,RESET,0,2.2,
2023-01-17 03:52:12,1091,Stairwell Window,STATE,RESET,0,2.2,
2023-01-16 22:34:14,1091,Stairwell Window,STATE,RESET,0,2.9,
2023-01-16 17:16:02,1091,Stairwell Window,STATE,RESET,0,5,
2023-01-16 11:57:30,1091,Stairwell Window,STATE,RESET,0,6.4,
2023-01-16 06:39:02,1091,Stairwell Window,STATE,RESET,0,5.7,
2023-01-16 01:20:35,1091,Stairwell Window,STATE,RESET,0,5.4,
2023-01-15 20:02:05,1091,Stairwell Window,STATE,RESET,0,6.4,
2023-01-15 14:43:20,1091,Stairwell Window,STATE,RESET,0,9.2,
2023-01-15 09:24:31,1091,Stairwell Window,STATE,RESET,0,7.1,
2023-01-15 04:05:53,1091,Stairwell Window,STATE,RESET,0,6.4,
2023-01-14 22:47:13,1091,Stairwell Window,STATE,RESET,0,7.8,
2023-01-14 17:28:26,1091,Stairwell Window,STATE,RESET,0,8.9,
2023-01-14 12:09:13,1091,Stairwell Window,STATE,RESET,0,11.3,
2023-01-14 06:50:06,1091,Stairwell Window,STATE,RESET,0,8.9,
2023-01-14 01:31:17,1091,Stairwell Window,STATE,RESET,0,7.8,
2023-01-13 20:12:32,1091,Stairwell Window,STATE,RESET,0,8.5,
2023-01-13 14:53:29,1091,Stairwell Window,STATE,RESET,0,10.6,
2023-01-13 09:34:23,1091,Stairwell Window,STATE,RESET,0,9.2,
2023-01-13 04:15:30,1091,Stairwell Window,STATE,RESET,0,8.9,
2023-01-12 22:56:33,1091,Stairwell Window,STATE,RESET,0,9.6,
2023-01-12 17:37:26,1091,Stairwell Window,STATE,RESET,0,11.7,
2023-01-12 12:18:02,1091,Stairwell Window,STATE,RESET,0,12.4,
2023-01-12 06:58:42,1091,Stairwell Window,STATE,RESET,0,11.3,
2023-01-12 01:39:34,1091,Stairwell Window,STATE,RESET,0,9.6,
2023-01-11 20:20:30,1091,Stairwell Window,STATE,RESET,0,9.6,
2023-01-11 15:01:29,1091,Stairwell Window,STATE,RESET,0,11,
2023-01-11 09:42:21,1091,Stairwell Window,STATE,RESET,0,9.2,
2023-01-11 04:23:24,1091,Stairwell Window,STATE,RESET,0,9.6,
2023-01-10 23:04:16,1091,Stairwell Window,STATE,RESET,0,11.7,
2023-01-10 17:45:01,1091,Stairwell Window,STATE,RESET,0,11.3,
2023-01-10 12:26:00,1091,Stairwell Window,STATE,RESET,0,8.2,
2023-01-10 07:07:21,1091,Stairwell Window,STATE,RESET,0,6.4,
2023-01-10 01:48:41,1091,Stairwell Window,STATE,RESET,0,6.8,
2023-01-09 20:29:56,1091,Stairwell Window,STATE,RESET,0,7.8,
2023-01-09 15:11:01,1091,Stairwell Window,STATE,RESET,0,9.6,
2023-01-09 09:52:03,1091,Stairwell Window,STATE,RESET,0,7.8,
2023-01-09 04:33:20,1091,Stairwell Window,STATE,RESET,0,7.5,
2023-01-08 23:14:32,1091,Stairwell Window,STATE,RESET,0,7.5,
2023-01-08 17:55:40,1091,Stairwell Window,STATE,RESET,0,8.2,
2023-01-08 12:36:34,1091,Stairwell Window,STATE,RESET,0,11,
2023-01-08 07:17:30,1091,Stairwell Window,STATE,RESET,0,8.5,
2023-01-08 01:58:32,1091,Stairwell Window,STATE,RESET,0,8.5,
2023-01-07 20:39:35,1091,Stairwell Window,STATE,RESET,0,9.2,
2023-01-07 15:20:23,1091,Stairwell Window,STATE,RESET,0,10.6,
2023-01-07 10:01:13,1091,Stairwell Window,STATE,RESET,0,11,
2023-01-07 04:41:55,1091,Stairwell Window,STATE,RESET,0,11.3,
2023-01-06 23:22:40,1091,Stairwell Window,STATE,RESET,0,11.3,
2023-01-06 18:03:24,1091,Stairwell Window,STATE,RESET,0,10.3,
2023-01-06 12:44:13,1091,Stairwell Window,STATE,RESET,0,11,
2023-01-06 07:25:06,1091,Stairwell Window,STATE,RESET,0,8.9,
2023-01-06 02:05:59,1091,Stairwell Window,STATE,RESET,0,11,
2023-01-05 20:46:44,1091,Stairwell Window,STATE,RESET,0,10.6,
2023-01-05 15:27:28,1091,Stairwell Window,STATE,RESET,0,12,
2023-01-05 10:08:01,1091,Stairwell Window,STATE,RESET,0,10.6,
2023-01-05 04:48:54,1091,Stairwell Window,STATE,RESET,0,10.3,
2023-01-04 23:29:37,1091,Stairwell Window,STATE,RESET,0,10.6,
2023-01-04 18:10:19,1091,Stairwell Window,STATE,RESET,0,12,
2023-01-04 12:50:48,1091,Stairwell Window,STATE,RESET,0,13.4,
2023-01-04 07:31:17,1091,Stairwell Window,STATE,RESET,0,12,
2023-01-04 02:11:52,1091,Stairwell Window,STATE,RESET,0,12,
2023-01-03 20:52:38,1091,Stairwell Window,STATE,RESET,0,10.3,
2023-01-03 15:33:44,1091,Stairwell Window,STATE,RESET,0,9.9,
2023-01-03 10:14:30,1091,Stairwell Window,STATE,RESET,0,9.2,
2023-01-03 04:55:45,1091,Stairwell Window,STATE,RESET,0,6.8,
2023-01-02 23:37:14,1091,Stairwell Window,STATE,RESET,0,6.8,
2023-01-02 18:18:35,1091,Stairwell Window,STATE,RESET,0,7.8,
2023-01-02 12:59:38,1091,Stairwell Window,STATE,RESET,0,10.3,
2023-01-02 07:40:38,1091,Stairwell Window,STATE,RESET,0,8.5,
2023-01-02 02:21:43,1091,Stairwell Window,STATE,RESET,0,9.2,
2023-01-01 21:02:40,1091,Stairwell Window,STATE,RESET,0,10.3,
2023-01-01 15:43:27,1091,Stairwell Window,STATE,RESET,0,11.3,
2023-01-01 10:24:09,1091,Stairwell Window,STATE,RESET,0,11.3,
2023-01-01 05:04:56,1091,Stairwell Window,STATE,RESET,0,10.6,
2022-12-31 23:45:36,1091,Stairwell Window,STATE,RESET,0,12.4,
2022-12-31 18:26:12,1091,Stairwell Window,STATE,RESET,0,12,
2022-12-31 13:06:47,1091,Stairwell Window,STATE,RESET,0,12.4,
2022-12-31 07:47:21,1091,Stairwell Window,STATE,RESET,0,11.7,
2022-12-31 02:28:16,1091,Stairwell Window,STATE,RESET,0,9.9,
2022-12-30 21:09:11,1091,Stairwell Window,STATE,RESET,0,11,
2022-12-30 15:49:57,1091,Stairwell Window,STATE,RESET,0,11.7,
2022-12-30 10:30:57,1091,Stairwell Window,STATE,RESET,0,8.5,
2022-12-30 05:12:10,1091,Stairwell Window,STATE,RESET,0,7.8,
2022-12-29 23:53:31,1091,Stairwell Window,STATE,RESET,0,7.1,
2022-12-29 18:34:50,1091,Stairwell Window,STATE,RESET,0,8.5,
2022-12-29 13:15:54,1091,Stairwell Window,STATE,RESET,0,10.3,
2022-12-29 07:56:55,1091,Stairwell Window,STATE,RESET,0,8.9,
2022-12-29 02:38:01,1091,Stairwell Window,STATE,RESET,0,9.2,
2022-12-28 21:19:03,1091,Stairwell Window,STATE,RESET,0,9.9,
2022-12-28 15:59:59,1091,Stairwell Window,STATE,RESET,0,9.6,
2022-12-28 10:40:57,1091,Stairwell Window,STATE,RESET,0,9.9,
2022-12-28 05:21:57,1091,Stairwell Window,STATE,RESET,0,9.6,
2022-12-28 00:03:00,1091,Stairwell Window,STATE,RESET,0,8.9,
2022-12-27 18:44:09,1091,Stairwell Window,STATE,RESET,0,8.5,
2022-12-27 13:25:14,1091,Stairwell Window,STATE,RESET,0,9.2,
2022-12-27 08:06:32,1091,Stairwell Window,STATE,RESET,0,5.7,
2022-12-27 02:48:00,1091,Stairwell Window,STATE,RESET,0,6.1,
2022-12-26 21:29:21,1091,Stairwell Window,STATE,RESET,0,7.1,
2022-12-26 16:10:38,1091,Stairwell Window,STATE,RESET,0,8.2,
2022-12-26 10:51:42,1091,Stairwell Window,STATE,RESET,0,7.8,
2022-12-26 05:33:03,1091,Stairwell Window,STATE,RESET,0,9.2,
2022-12-26 00:14:09,1091,Stairwell Window,STATE,RESET,0,8.9,
2022-12-25 18:55:14,1091,Stairwell Window,STATE,RESET,0,9.2,
2022-12-25 13:36:18,1091,Stairwell Window,STATE,RESET,0,10.3,
2022-12-25 08:17:20,1091,Stairwell Window,STATE,RESET,0,9.2,
2022-12-25 02:58:25,1091,Stairwell Window,STATE,RESET,0,9.2,
2022-12-24 21:39:24,1091,Stairwell Window,STATE,RESET,0,8.5,
2022-12-24 16:20:32,1091,Stairwell Window,STATE,RESET,0,8.5,
2022-12-24 11:01:35,1091,Stairwell Window,STATE,RESET,0,8.5,
2022-12-24 05:42:54,1091,Stairwell Window,STATE,RESET,0,8.2,
2022-12-24 00:23:54,1091,Stairwell Window,STATE,RESET,0,8.9,
2022-12-23 19:04:59,1091,Stairwell Window,STATE,RESET,0,9.9,
2022-12-23 13:45:54,1091,Stairwell Window,STATE,RESET,0,9.6,
2022-12-23 08:27:03,1091,Stairwell Window,STATE,RESET,0,8.2,
2022-12-23 03:08:12,1091,Stairwell Window,STATE,RESET,0,8.9,
2022-12-22 21:49:12,1091,Stairwell Window,STATE,RESET,0,9.9,
2022-12-22 16:30:07,1091,Stairwell Window,STATE,RESET,0,9.6,
2022-12-22 11:11:14,1091,Stairwell Window,STATE,RESET,0,8.2,
2022-12-22 05:52:28,1091,Stairwell Window,STATE,RESET,0,7.8,
2022-12-22 00:33:35,1091,Stairwell Window,STATE,RESET,0,8.2,
2022-12-21 19:14:36,1091,Stairwell Window,STATE,RESET,0,8.5,
2022-12-21 13:55:32,1091,Stairwell Window,STATE,RESET,0,9.9,
2022-12-21 08:36:29,1091,Stairwell Window,STATE,RESET,0,8.2,
2022-12-21 03:17:41,1091,Stairwell Window,STATE,RESET,0,7.1,
2022-12-20 21:58:56,1091,Stairwell Window,STATE,RESET,0,7.8,
2022-12-20 16:40:00,1091,Stairwell Window,STATE,RESET,0,9.2,
2022-12-20 11:20:51,1091,Stairwell Window,STATE,RESET,0,10.3,
2022-12-20 06:01:38,1091,Stairwell Window,STATE,RESET,0,10.3,
2022-12-20 00:42:23,1091,Stairwell Window,STATE,RESET,0,11,
2022-12-19 19:23:10,1091,Stairwell Window,STATE,RESET,0,10.3,
2022-12-19 14:04:01,1091,Stairwell Window,STATE,RESET,0,10.3,
2022-12-19 08:44:57,1091,Stairwell Window,STATE,RESET,0,8.9,
2022-12-19 03:26:04,1091,Stairwell Window,STATE,RESET,0,7.8,
2022-12-18 22:07:34,1091,Stairwell Window,STATE,RESET,0,5,
2022-12-18 16:49:17,1091,Stairwell Window,STATE,RESET,0,2.9,
2022-12-18 11:31:10,1091,Stairwell Window,STATE,RESET,0,2.9,
2022-12-18 06:13:06,1091,Stairwell Window,STATE,RESET,0,1.5,
2022-12-18 00:55:08,1091,Stairwell Window,STATE,RESET,0,1.9,
2022-12-17 19:37:10,1091,Stairwell Window,STATE,RESET,0,2.6,
2022-12-17 14:19:00,1091,Stairwell Window,STATE,RESET,0,4,
2022-12-17 09:00:50,1091,Stairwell Window,STATE,RESET,0,0.1,
2022-12-17 03:43:04,1091,Stairwell Window,STATE,RESET,0,654.8,
2022-12-16 22:25:19,1091,Stairwell Window,STATE,RESET,0,0.1,
2022-12-16 17:07:25,1091,Stairwell Window,STATE,RESET,0,1.9,
2022-12-16 11:49:16,1091,Stairwell Window,STATE,RESET,0,2.6,
2022-12-16 06:31:24,1091,Stairwell Window,STATE,RESET,0,655.1,
2022-12-16 01:13:33,1091,Stairwell Window,STATE,RESET,0,0.5,
2022-12-15 19:55:37,1091,Stairwell Window,STATE,RESET,0,1.2,
2022-12-15 14:37:39,1091,Stairwell Window,STATE,RESET,0,1.9,
2022-12-15 09:19:41,1091,Stairwell Window,STATE,RESET,0,654.8,
2022-12-15 04:01:58,1091,Stairwell Window,STATE,RESET,0,0.1,
2022-12-14 22:44:05,1091,Stairwell Window,STATE,RESET,0,0.8,
2022-12-14 17:26:09,1091,Stairwell Window,STATE,RESET,0,1.9,
2022-12-14 12:07:59,1091,Stairwell Window,STATE,RESET,0,3.3,
2022-12-14 06:50:04,1091,Stairwell Window,STATE,RESET,0,0.8,
2022-12-14 01:32:09,1091,Stairwell Window,STATE,RESET,0,1.9,
2022-12-13 20:14:04,1091,Stairwell Window,STATE,RESET,0,2.2,
2022-12-13 14:56:03,1091,Stairwell Window,STATE,RESET,0,2.9,
2022-12-13 09:38:00,1091,Stairwell Window,STATE,RESET,0,1.2,
2022-12-13 04:20:09,1091,Stairwell Window,STATE,RESET,0,0.8,
2022-12-12 23:02:16,1091,Stairwell Window,STATE,RESET,0,1.5,
2022-12-12 17:44:12,1091,Stairwell Window,STATE,RESET,0,3.3,
2022-12-12 12:25:57,1091,Stairwell Window,STATE,RESET,0,4.7,
2022-12-12 07:07:49,1091,Stairwell Window,STATE,RESET,0,2.2,
2022-12-12 01:49:45,1091,Stairwell Window,STATE,RESET,0,2.9,
2022-12-11 20:31:46,1091,Stairwell Window,STATE,RESET,0,2.2,
2022-12-11 15:13:44,1091,Stairwell Window,STATE,RESET,0,3.3,
2022-12-11 09:55:37,1091,Stairwell Window,STATE,RESET,0,1.2,
2022-12-11 04:38:01,1091,Stairwell Window,STATE,RESET,0,655.1,
2022-12-10 23:20:12,1091,Stairwell Window,STATE,RESET,0,0.5,
2022-12-10 18:02:21,1091,Stairwell Window,STATE,RESET,0,1.9,
2022-12-10 12:44:13,1091,Stairwell Window,STATE,RESET,0,4.3,
2022-12-10 07:26:11,1091,Stairwell Window,STATE,RESET,0,1.5,
2022-12-10 02:08:18,1091,Stairwell Window,STATE,RESET,0,1.5,
2022-12-09 20:50:19,1091,Stairwell Window,STATE,RESET,0,2.6,
2022-12-09 15:32:12,1091,Stairwell Window,STATE,RESET,0,4.3,
2022-12-09 10:13:53,1091,Stairwell Window,STATE,RESET,0,3.3,
2022-12-09 04:56:01,1091,Stairwell Window,STATE,RESET,0,1.5,
2022-12-08 23:38:07,1091,Stairwell Window,STATE,RESET,0,1.5,
2022-12-08 18:20:10,1091,Stairwell Window,STATE,RESET,0,2.6,
2022-12-08 13:01:53,1091,Stairwell Window,STATE,RESET,0,4.7,
2022-12-08 07:43:49,1091,Stairwell Window,STATE,RESET,0,1.9,
2022-12-08 02:25:53,1091,Stairwell Window,STATE,RESET,0,2.6,
2022-12-07 21:07:45,1091,Stairwell Window,STATE,RESET,0,3.6,
2022-12-07 15:49:26,1091,Stairwell Window,STATE,RESET,0,5.4,
2022-12-07 10:30:56,1091,Stairwell Window,STATE,RESET,0,4.7,
2022-12-07 05:12:37,1091,Stairwell Window,STATE,RESET,0,4.7,
2022-12-06 23:54:14,1091,Stairwell Window,STATE,RESET,0,5.4,
2022-12-06 18:35:43,1091,Stairwell Window,STATE,RESET,0,6.4,
2022-12-06 13:17:02,1091,Stairwell Window,STATE,RESET,0,7.8,
2022-12-06 07:58:24,1091,Stairwell Window,STATE,RESET,0,5,
2022-12-06 02:39:55,1091,Stairwell Window,STATE,RESET,0,6.1,
2022-12-05 21:21:22,1091,Stairwell Window,STATE,RESET,0,6.1,
2022-12-05 16:02:36,1091,Stairwell Window,STATE,RESET,0,7.5,
2022-12-03 16:14:24,1091,Stairwell Window,STATE,RESET,0,7.5,
2022-12-03 10:55:35,1091,Stairwell Window,STATE,RESET,0,8.2,
2022-12-03 05:36:46,1091,Stairwell Window,STATE,RESET,0,7.1,
2022-12-03 00:18:03,1091,Stairwell Window,STATE,RESET,0,7.1,
2022-12-02 18:59:14,1091,Stairwell Window,STATE,RESET,0,7.5,
2022-12-02 13:40:20,1091,Stairwell Window,STATE,RESET,0,8.9,
2022-12-02 08:21:24,1091,Stairwell Window,STATE,RESET,0,7.1,
2022-12-02 03:02:43,1091,Stairwell Window,STATE,RESET,0,6.4,
2022-12-01 21:43:59,1091,Stairwell Window,STATE,RESET,0,7.8,
2022-12-01 16:25:01,1091,Stairwell Window,STATE,RESET,0,9.2,
2022-12-01 11:05:56,1091,Stairwell Window,STATE,RESET,0,8.9,
2022-12-01 05:47:01,1091,Stairwell Window,STATE,RESET,0,7.1,
2022-12-01 00:28:14,1091,Stairwell Window,STATE,RESET,0,7.8,
2022-11-30 19:09:15,1091,Stairwell Window,STATE,RESET,0,9.2,
2022-11-30 13:50:07,1091,Stairwell Window,STATE,RESET,0,10.3,
2022-11-29 11:14:57,1091,Stairwell Window,STATE,RESET,0,10.6,
2022-11-29 05:55:52,1091,Stairwell Window,STATE,RESET,0,8.9,
2022-11-29 00:36:52,1091,Stairwell Window,STATE,RESET,0,9.2,
2022-11-28 19:17:42,1091,Stairwell Window,STATE,RESET,0,11,
2022-11-28 13:58:21,1091,Stairwell Window,STATE,RESET,0,12.4,
2022-11-28 08:39:05,1091,Stairwell Window,STATE,RESET,0,9.6,
2022-11-28 03:19:54,1091,Stairwell Window,STATE,RESET,0,10.3,
2022-11-27 22:00:35,1091,Stairwell Window,STATE,RESET,0,11.3,
2022-11-27 16:41:08,1091,Stairwell Window,STATE,RESET,0,12,
2022-11-27 11:21:38,1091,Stairwell Window,STATE,RESET,0,11.7,
2022-11-27 06:02:15,1091,Stairwell Window,STATE,RESET,0,11,
2022-11-27 00:42:57,1091,Stairwell Window,STATE,RESET,0,11.3,
2022-11-26 19:23:35,1091,Stairwell Window,STATE,RESET,0,11.7,
2022-11-26 14:04:13,1091,Stairwell Window,STATE,RESET,0,12.7,
2022-11-26 08:44:50,1091,Stairwell Window,STATE,RESET,0,9.2,
2022-11-26 03:25:45,1091,Stairwell Window,STATE,RESET,0,9.2,
2022-11-25 22:06:40,1091,Stairwell Window,STATE,RESET,0,9.6,
2022-11-25 16:47:26,1091,Stairwell Window,STATE,RESET,0,11,
2022-11-25 11:27:54,1091,Stairwell Window,STATE,RESET,0,12,
2022-11-25 06:08:44,1091,Stairwell Window,STATE,RESET,0,9.2,
2022-11-25 00:49:38,1091,Stairwell Window,STATE,RESET,0,9.6,
2022-11-24 19:30:25,1091,Stairwell Window,STATE,RESET,0,10.3,
2022-11-24 14:11:03,1091,Stairwell Window,STATE,RESET,0,12.4,
2022-11-24 08:51:39,1091,Stairwell Window,STATE,RESET,0,8.5,
2022-11-24 03:32:42,1091,Stairwell Window,STATE,RESET,0,8.9,
2022-11-23 22:13:37,1091,Stairwell Window,STATE,RESET,0,9.6,
2022-11-23 16:54:29,1091,Stairwell Window,STATE,RESET,0,9.9,
2022-11-23 11:35:10,1091,Stairwell Window,STATE,RESET,0,9.9,
2022-11-23 06:16:05,1091,Stairwell Window,STATE,RESET,0,7.8,
2022-11-23 00:57:11,1091,Stairwell Window,STATE,RESET,0,8.9,
2022-11-22 19:37:59,1091,Stairwell Window,STATE,RESET,0,9.6,
2022-11-22 14:18:52,1091,Stairwell Window,STATE,RESET,0,10.6,
2022-11-22 08:59:38,1091,Stairwell Window,STATE,RESET,0,8.2,
2022-11-22 03:40:48,1091,Stairwell Window,STATE,RESET,0,7.5,
2022-11-21 22:21:55,1091,Stairwell Window,STATE,RESET,0,8.9,
2022-11-21 17:02:54,1091,Stairwell Window,STATE,RESET,0,9.2,
2022-11-21 11:43:47,1091,Stairwell Window,STATE,RESET,0,9.6,
2022-11-15 06:44:06,1091,Stairwell Window,STATE,RESET,0,13.1,
2022-11-15 01:24:31,1091,Stairwell Window,STATE,RESET,0,13.4,
2022-11-14 20:04:50,1091,Stairwell Window,STATE,RESET,0,13.4,
2022-11-14 14:45:05,1091,Stairwell Window,STATE,RESET,0,14.8,
2022-11-14 09:25:18,1091,Stairwell Window,STATE,RESET,0,13.8,
2022-11-14 09:25:07,1091,Stairwell Window,STATE,RESET,0,13.8,
2022-11-14 04:05:45,1091,Stairwell Window,STATE,RESET,0,12,
2022-11-13 22:46:16,1091,Stairwell Window,STATE,RESET,0,13.1,
2022-11-13 17:26:33,1091,Stairwell Window,STATE,RESET,0,14.5,
2022-11-13 12:06:45,1091,Stairwell Window,STATE,RESET,0,15.9,
2022-11-13 06:46:48,1091,Stairwell Window,STATE,RESET,0,13.1,
2022-11-13 01:27:02,1091,Stairwell Window,STATE,RESET,0,14.1,
2022-11-12 20:07:16,1091,Stairwell Window,STATE,RESET,0,14.1,
2022-11-12 14:47:21,1091,Stairwell Window,STATE,RESET,0,16.6,
2022-11-12 09:27:12,1091,Stairwell Window,STATE,RESET,0,14.5,
2022-11-12 04:07:34,1091,Stairwell Window,STATE,RESET,0,12.4,
2022-11-11 22:47:56,1091,Stairwell Window,STATE,RESET,0,13.4,
2022-11-11 17:28:09,1091,Stairwell Window,STATE,RESET,0,14.5,
2022-11-11 12:08:08,1091,Stairwell Window,STATE,RESET,0,16.6,
2022-11-11 06:48:15,1091,Stairwell Window,STATE,RESET,0,13.8,
2022-11-11 01:28:25,1091,Stairwell Window,STATE,RESET,0,14.5,
2022-11-10 20:08:33,1091,Stairwell Window,STATE,RESET,0,14.8,
2022-11-09 22:49:35,1091,Stairwell Window,STATE,RESET,0,13.1,
2022-11-09 17:29:56,1091,Stairwell Window,STATE,RESET,0,14.1,
2022-11-09 12:09:54,1091,Stairwell Window,STATE,RESET,0,16.9,
2022-11-09 06:50:07,1091,Stairwell Window,STATE,RESET,0,13.1,
2022-11-09 01:30:27,1091,Stairwell Window,STATE,RESET,0,13.8,
2022-11-08 20:10:44,1091,Stairwell Window,STATE,RESET,0,14.1,
2022-11-08 14:50:49,1091,Stairwell Window,STATE,RESET,0,16.6,
2022-11-08 09:30:42,1091,Stairwell Window,STATE,RESET,0,15.2,
2022-11-08 04:10:52,1091,Stairwell Window,STATE,RESET,0,14.5,
2022-11-07 22:51:01,1091,Stairwell Window,STATE,RESET,0,14.5,
2022-11-07 17:31:11,1091,Stairwell Window,STATE,RESET,0,14.1,
2022-11-07 12:11:22,1091,Stairwell Window,STATE,RESET,0,14.1,
2022-11-07 06:51:39,1091,Stairwell Window,STATE,RESET,0,12.4,
2022-11-07 01:32:11,1091,Stairwell Window,STATE,RESET,0,11.7,
2022-11-06 20:12:42,1091,Stairwell Window,STATE,RESET,0,12,
2022-11-06 14:53:01,1091,Stairwell Window,STATE,RESET,0,13.8,
2022-11-06 09:33:14,1091,Stairwell Window,STATE,RESET,0,13.8,
2022-11-06 04:13:25,1091,Stairwell Window,STATE,RESET,0,13.8,
2022-11-05 22:53:41,1091,Stairwell Window,STATE,RESET,0,13.4,
2022-11-05 17:33:59,1091,Stairwell Window,STATE,RESET,0,12.7,
2022-11-05 12:14:23,1091,Stairwell Window,STATE,RESET,0,12.7,
2022-11-05 06:55:00,1091,Stairwell Window,STATE,RESET,0,9.6,
2022-11-05 01:35:51,1091,Stairwell Window,STATE,RESET,0,10.3,
2022-11-04 20:16:28,1091,Stairwell Window,STATE,RESET,0,11.7,
2022-11-04 14:56:52,1091,Stairwell Window,STATE,RESET,0,14.1,
2022-11-04 09:36:56,1091,Stairwell Window,STATE,RESET,0,12.7,
2022-11-04 04:17:38,1091,Stairwell Window,STATE,RESET,0,10.3,
2022-11-03 22:58:20,1091,Stairwell Window,STATE,RESET,0,11.3,
2022-11-03 17:38:47,1091,Stairwell Window,STATE,RESET,0,13.1,
2022-11-03 12:19:02,1091,Stairwell Window,STATE,RESET,0,13.8,
2022-11-03 06:59:12,1091,Stairwell Window,STATE,RESET,0,14.5,
2022-11-03 01:39:20,1091,Stairwell Window,STATE,RESET,0,15.2,
2022-11-02 20:19:19,1091,Stairwell Window,STATE,RESET,0,15.9,
2022-11-02 14:59:09,1091,Stairwell Window,STATE,RESET,0,16.6,
2022-11-02 09:38:51,1091,Stairwell Window,STATE,RESET,0,16.6,
2022-11-02 04:19:13,1091,Stairwell Window,STATE,RESET,0,13.1,
2022-11-01 22:59:29,1091,Stairwell Window,STATE,RESET,0,13.8,
2022-11-01 17:39:33,1091,Stairwell Window,STATE,RESET,0,15.5,
2022-11-01 12:19:17,1091,Stairwell Window,STATE,RESET,0,17.6,
2022-11-01 06:59:04,1091,Stairwell Window,STATE,RESET,0,14.8,
2022-11-01 01:39:04,1091,Stairwell Window,STATE,RESET,0,16.2,
2022-10-31 20:18:47,1091,Stairwell Window,STATE,RESET,0,17.6,
2022-10-31 14:58:22,1091,Stairwell Window,STATE,RESET,0,18.7,
2022-10-31 09:37:45,1091,Stairwell Window,STATE,RESET,0,18.3,
2022-10-31 04:17:40,1091,Stairwell Window,STATE,RESET,0,15.5,
2022-10-30 22:57:37,1091,Stairwell Window,STATE,RESET,0,15.5,
2022-10-30 17:37:31,1091,Stairwell Window,STATE,RESET,0,16.2,
2022-10-30 12:17:16,1091,Stairwell Window,STATE,RESET,0,16.6,
2022-10-30 06:57:00,1091,Stairwell Window,STATE,RESET,0,17.3,
2022-10-30 01:36:38,1091,Stairwell Window,STATE,RESET,0,18,
2022-10-29 21:16:10,1091,Stairwell Window,STATE,RESET,0,18.7,
2022-10-29 15:55:31,1091,Stairwell Window,STATE,RESET,0,21.1,
2022-10-29 10:34:44,1091,Stairwell Window,STATE,RESET,0,18.7,
2022-10-29 05:14:32,1091,Stairwell Window,STATE,RESET,0,16.2,
2022-10-28 23:54:20,1091,Stairwell Window,STATE,RESET,0,16.9,
2022-10-28 18:33:56,1091,Stairwell Window,STATE,RESET,0,19,
2022-10-28 13:13:01,1091,Stairwell Window,STATE,RESET,0,21.5,
2022-10-28 07:52:22,1091,Stairwell Window,STATE,RESET,0,18,
2022-10-28 02:31:54,1091,Stairwell Window,STATE,RESET,0,18.3,
2022-10-27 21:11:20,1091,Stairwell Window,STATE,RESET,0,19.7,
2022-10-27 15:50:33,1091,Stairwell Window,STATE,RESET,0,22.2,
2022-10-27 10:29:39,1091,Stairwell Window,STATE,RESET,0,18.7,
2022-10-27 05:09:15,1091,Stairwell Window,STATE,RESET,0,18,
2022-10-26 23:48:46,1091,Stairwell Window,STATE,RESET,0,18.3,
2022-10-26 18:28:12,1091,Stairwell Window,STATE,RESET,0,19.7,
2022-10-26 13:07:11,1091,Stairwell Window,STATE,RESET,0,22.5,
2022-10-26 07:46:32,1091,Stairwell Window,STATE,RESET,0,17.3,
2022-10-26 02:26:11,1091,Stairwell Window,STATE,RESET,0,17.6,
2022-10-25 21:05:49,1091,Stairwell Window,STATE,RESET,0,17.6,
2022-10-25 15:45:22,1091,Stairwell Window,STATE,RESET,0,20.8,
2022-10-25 10:24:34,1091,Stairwell Window,STATE,RESET,0,18.7,
2022-10-25 05:04:29,1091,Stairwell Window,STATE,RESET,0,15.2,
2022-10-24 23:44:25,1091,Stairwell Window,STATE,RESET,0,16.2,
2022-10-24 18:24:10,1091,Stairwell Window,STATE,RESET,0,18.7,
2022-10-24 13:03:24,1091,Stairwell Window,STATE,RESET,0,20.1,
2022-10-24 07:43:06,1091,Stairwell Window,STATE,RESET,0,15.9,
2022-10-24 02:23:01,1091,Stairwell Window,STATE,RESET,0,16.6,
2022-10-23 21:02:52,1091,Stairwell Window,STATE,RESET,0,16.2,
2022-10-23 15:42:33,1091,Stairwell Window,STATE,RESET,0,18.7,
2022-10-23 10:22:11,1091,Stairwell Window,STATE,RESET,0,18,
2022-10-23 05:01:52,1091,Stairwell Window,STATE,RESET,0,17.6,
2022-10-22 23:41:35,1091,Stairwell Window,STATE,RESET,0,17.6,
2022-10-22 18:21:12,1091,Stairwell Window,STATE,RESET,0,18.7,
2022-10-22 13:00:26,1091,Stairwell Window,STATE,RESET,0,20.4,
2022-10-22 07:40:00,1091,Stairwell Window,STATE,RESET,0,16.6,
2022-10-22 02:19:48,1091,Stairwell Window,STATE,RESET,0,16.9,
2022-10-21 20:59:29,1091,Stairwell Window,STATE,RESET,0,17.3,
2022-10-21 15:39:12,1091,Stairwell Window,STATE,RESET,0,19,
2022-10-21 10:18:25,1091,Stairwell Window,STATE,RESET,0,16.9,
2022-10-21 04:58:27,1091,Stairwell Window,STATE,RESET,0,14.8,
2022-10-20 23:38:30,1091,Stairwell Window,STATE,RESET,0,15.5,
2022-10-20 18:18:19,1091,Stairwell Window,STATE,RESET,0,17.3,
2022-10-20 12:57:48,1091,Stairwell Window,STATE,RESET,0,18.3,
2022-10-20 07:37:33,1091,Stairwell Window,STATE,RESET,0,16.6,
2022-10-20 02:17:20,1091,Stairwell Window,STATE,RESET,0,16.6,
2022-10-19 20:57:05,1091,Stairwell Window,STATE,RESET,0,16.6,
2022-10-19 15:36:45,1091,Stairwell Window,STATE,RESET,0,18.3,
2022-10-19 10:16:13,1091,Stairwell Window,STATE,RESET,0,17.6,
2022-10-19 04:56:10,1091,Stairwell Window,STATE,RESET,0,15.5,
2022-10-18 23:36:08,1091,Stairwell Window,STATE,RESET,0,14.8,
2022-10-18 18:15:59,1091,Stairwell Window,STATE,RESET,0,17.3,
2022-09-10 12:05:56,1091,Stairwell Window,STATE,RESET,0,22.5,
2022-09-10 06:45:19,1091,Stairwell Window,STATE,RESET,0,17.6,
2022-09-10 01:25:01,1091,Stairwell Window,STATE,RESET,0,18,
2022-09-09 20:04:30,1091,Stairwell Window,STATE,RESET,0,20.1,
2022-09-09 14:43:38,1091,Stairwell Window,STATE,RESET,0,22.2,
2022-09-09 09:22:52,1091,Stairwell Window,STATE,RESET,0,19,
2022-09-09 04:02:22,1091,Stairwell Window,STATE,RESET,0,19,
2022-09-08 22:41:49,1091,Stairwell Window,STATE,RESET,0,19.7,
2022-09-08 17:21:06,1091,Stairwell Window,STATE,RESET,0,21.8,
2022-09-08 17:21:00,1091,Stairwell Window,STATE,RESET,0,21.8,
2022-09-08 11:59:49,1091,Stairwell Window,STATE,RESET,0,21.5,
2022-09-08 06:39:02,1091,Stairwell Window,STATE,RESET,0,19.4,
2022-09-08 01:18:19,1091,Stairwell Window,STATE,RESET,0,19.7,
2022-09-07 19:57:24,1091,Stairwell Window,STATE,RESET,0,21.8,
2022-09-02 05:59:24,1091,Stairwell Window,STATE,RESET,0,20.4,
2022-09-02 00:38:27,1091,Stairwell Window,STATE,RESET,0,22.5,
2022-09-01 19:17:04,1091,Stairwell Window,STATE,RESET,0,25,
2022-09-01 13:55:06,1091,Stairwell Window,STATE,RESET,0,29.2,
2022-09-01 08:33:15,1091,Stairwell Window,STATE,RESET,0,22.9,
2022-09-01 03:12:21,1091,Stairwell Window,STATE,RESET,0,20.8,
2022-08-31 21:51:25,1091,Stairwell Window,STATE,RESET,0,21.1,
2022-08-31 16:30:20,1091,Stairwell Window,STATE,RESET,0,23.9,
2022-08-31 16:30:14,1091,Stairwell Window,STATE,RESET,0,23.9,
2022-08-31 11:08:12,1091,Stairwell Window,STATE,RESET,0,27.1,
2022-08-31 05:46:58,1091,Stairwell Window,STATE,RESET,0,20.1,
2022-08-31 00:26:09,1091,Stairwell Window,STATE,RESET,0,20.4,
2022-08-30 19:04:56,1091,Stairwell Window,STATE,RESET,0,24.3,
2022-08-30 13:43:08,1091,Stairwell Window,STATE,RESET,0,26,
2022-08-30 08:21:24,1091,Stairwell Window,STATE,RESET,0,22.5,
2022-08-30 03:00:30,1091,Stairwell Window,STATE,RESET,0,20.4,
2022-08-29 21:39:31,1091,Stairwell Window,STATE,RESET,0,22.2,
2022-08-29 16:18:07,1091,Stairwell Window,STATE,RESET,0,25,
2022-08-29 10:56:21,1091,Stairwell Window,STATE,RESET,0,25.7,
2022-08-29 05:35:11,1091,Stairwell Window,STATE,RESET,0,20.4,
2022-08-29 00:14:13,1091,Stairwell Window,STATE,RESET,0,21.5,
2022-08-28 18:52:51,1091,Stairwell Window,STATE,RESET,0,25,
2022-08-28 13:30:51,1091,Stairwell Window,STATE,RESET,0,28.1,
2022-08-28 08:09:14,1091,Stairwell Window,STATE,RESET,0,21.1,
2022-08-28 02:48:32,1091,Stairwell Window,STATE,RESET,0,20.1,
2022-08-27 21:27:33,1091,Stairwell Window,STATE,RESET,0,22.9,
2022-08-27 16:05:56,1091,Stairwell Window,STATE,RESET,0,26.7,
2022-08-27 10:44:00,1091,Stairwell Window,STATE,RESET,0,27.1,
2022-08-27 05:22:52,1091,Stairwell Window,STATE,RESET,0,21.1,
2022-08-27 00:01:45,1091,Stairwell Window,STATE,RESET,0,22.5,
2022-08-26 18:40:22,1091,Stairwell Window,STATE,RESET,0,25,
2022-08-26 13:18:28,1091,Stairwell Window,STATE,RESET,0,28.5,
2022-08-26 07:56:50,1091,Stairwell Window,STATE,RESET,0,20.4,
2022-08-26 02:36:06,1091,Stairwell Window,STATE,RESET,0,20.4,
2022-08-25 21:15:02,1091,Stairwell Window,STATE,RESET,0,22.9,
2022-08-25 15:53:23,1091,Stairwell Window,STATE,RESET,0,26.4,
2022-08-25 10:31:42,1091,Stairwell Window,STATE,RESET,0,25,
2022-08-25 05:10:11,1091,Stairwell Window,STATE,RESET,0,24.3,
2022-08-24 23:48:30,1091,Stairwell Window,STATE,RESET,0,26,
2022-08-24 18:26:26,1091,Stairwell Window,STATE,RESET,0,29.5,
2022-08-24 13:03:58,1091,Stairwell Window,STATE,RESET,0,30.9,
2022-08-24 07:42:07,1091,Stairwell Window,STATE,RESET,0,23.6,
2022-08-24 02:20:51,1091,Stairwell Window,STATE,RESET,0,23.6,
2022-08-23 20:59:21,1091,Stairwell Window,STATE,RESET,0,25.7,
2022-08-23 15:37:24,1091,Stairwell Window,STATE,RESET,0,28.8,
2022-08-23 10:15:25,1091,Stairwell Window,STATE,RESET,0,25,
2022-08-23 04:54:12,1091,Stairwell Window,STATE,RESET,0,22.9,
2022-08-22 23:32:53,1091,Stairwell Window,STATE,RESET,0,23.9,
2022-08-22 18:11:23,1091,Stairwell Window,STATE,RESET,0,26.4,
2022-08-22 12:49:27,1091,Stairwell Window,STATE,RESET,0,27.8,
2022-08-22 07:28:02,1091,Stairwell Window,STATE,RESET,0,20.8,
2022-08-22 02:07:23,1091,Stairwell Window,STATE,RESET,0,20.8,
2022-08-21 20:46:23,1091,Stairwell Window,STATE,RESET,0,23.6,
2022-08-21 15:24:49,1091,Stairwell Window,STATE,RESET,0,26.4,
2022-08-21 10:03:18,1091,Stairwell Window,STATE,RESET,0,25.3,
2022-08-21 04:42:22,1091,Stairwell Window,STATE,RESET,0,20.4,
2022-08-20 23:21:22,1091,Stairwell Window,STATE,RESET,0,22.9,
2022-08-20 17:59:55,1091,Stairwell Window,STATE,RESET,0,27.4,
2022-08-20 12:38:00,1091,Stairwell Window,STATE,RESET,0,27.8,
2022-08-20 07:16:48,1091,Stairwell Window,STATE,RESET,0,20.4,
2022-08-20 07:16:36,1091,Stairwell Window,STATE,RESET,0,20.4,
2022-08-20 01:55:52,1091,Stairwell Window,STATE,RESET,0,20.8,
2022-08-19 20:34:42,1091,Stairwell Window,STATE,RESET,0,24.6,
2022-08-19 15:12:52,1091,Stairwell Window,STATE,RESET,0,27.8,
2022-08-19 09:50:58,1091,Stairwell Window,STATE,RESET,0,24.3,
2022-08-19 04:29:55,1091,Stairwell Window,STATE,RESET,0,21.8,
2022-08-18 23:08:51,1091,Stairwell Window,STATE,RESET,0,22.9,
2022-08-18 17:47:28,1091,Stairwell Window,STATE,RESET,0,25.3,
2022-08-18 12:26:00,1091,Stairwell Window,STATE,RESET,0,23.9,
2022-08-18 07:04:48,1091,Stairwell Window,STATE,RESET,0,21.5,
2022-08-18 01:43:51,1091,Stairwell Window,STATE,RESET,0,21.5,
2022-08-17 20:22:49,1091,Stairwell Window,STATE,RESET,0,22.9,
2022-08-17 15:01:24,1091,Stairwell Window,STATE,RESET,0,25.3,
2022-08-17 09:39:56,1091,Stairwell Window,STATE,RESET,0,25,
2022-08-17 09:39:48,1091,Stairwell Window,STATE,RESET,0,25,
2022-08-17 04:18:36,1091,Stairwell Window,STATE,RESET,0,22.5,
2022-08-16 22:57:37,1091,Stairwell Window,STATE,RESET,0,23.2,
2022-08-16 22:57:25,1091,Stairwell Window,STATE,RESET,0,23.2,
2022-08-16 17:35:54,1091,Stairwell Window,STATE,RESET,0,26,
2022-08-16 12:14:08,1091,Stairwell Window,STATE,RESET,0,28.5,
2022-08-16 11:45:06,1091,Stairwell Window,LEARNING,RESET,-,-,
2022-03-28 15:34:17,1091,Stairwell Window,STATE,PRE-WARN,37.5,25,
2022-03-28 15:34:11,1091,Stairwell Window,LEARNING,RESET,-,-,
2022-03-23 19:29:29,1091,Stairwell Window,STATE,PRE-WARN,37.5,25,
2022-03-23 19:29:26,1091,Stairwell Window,STATE,RESET,37.5,25,
2022-03-23 19:28:44,1091,Stairwell Window,STATE,PRE-WARN,0,0,
2022-03-23 19:28:39,1091,Stairwell Window,LEARNING,RESET,-,-,
