Timestamp,Serial Number,Name,Mode,Alarm,rH,Temp
2023-05-15 13:01:17,1056,Upstairs Front Fixed,STATE,RESET,0,19,
2023-05-15 02:17:37,1056,Upstairs Front Fixed,STATE,RESET,0,16.2,
2023-05-13 18:05:12,1056,Upstairs Front Fixed,STATE,RESET,0,19.7,
2023-05-13 12:42:48,1056,Upstairs Front Fixed,STATE,RESET,0,17.6,
2023-05-13 07:21:04,1056,Upstairs Front Fixed,STATE,RESET,0,12.7,
2023-05-13 01:59:41,1056,Upstairs Front Fixed,STATE,RESET,0,12.4,
2023-04-16 22:20:31,1056,Upstairs Front Fixed,STATE,RESET,0,13.8,
2023-04-16 06:15:04,1056,Upstairs Front Fixed,STATE,RESET,0,9.2,
2023-04-16 00:54:11,1056,Upstairs Front Fixed,STATE,RESET,0,11.7,
2023-04-14 06:01:18,1056,Upstairs Front Fixed,STATE,RESET,0,9.2,
2023-04-13 03:14:44,1056,Upstairs Front Fixed,STATE,RESET,0,9.9,
2023-04-12 00:28:23,1056,Upstairs Front Fixed,STATE,RESET,0,12,
2023-04-07 02:36:26,1056,Upstairs Front Fixed,STATE,RESET,0,10.3,
2023-04-03 07:33:22,1056,Upstairs Front Fixed,STATE,RESET,0,8.2,
2023-04-01 07:23:37,1056,Upstairs Front Fixed,STATE,RESET,0,10.6,
2023-03-30 01:47:48,1056,Upstairs Front Fixed,STATE,RESET,0,13.4,
2023-03-28 17:39:38,1056,Upstairs Front Fixed,STATE,RESET,0,11,
2023-03-27 20:15:47,1056,Upstairs Front Fixed,STATE,RESET,0,10.6,
2023-02-27 06:46:53,1056,Upstairs Front Fixed,STATE,RESET,0,4.7,
2023-02-27 01:26:52,1056,Upstairs Front Fixed,STATE,RESET,0,4,
2023-02-26 20:06:43,1056,Upstairs Front Fixed,STATE,RESET,0,5.7,
2023-02-26 14:46:02,1056,Upstairs Front Fixed,STATE,RESET,0,9.9,
2023-02-26 09:25:13,1056,Upstairs Front Fixed,STATE,RESET,0,7.5,
2023-02-26 04:04:50,1056,Upstairs Front Fixed,STATE,RESET,0,5.7,
2023-02-25 22:44:32,1056,Upstairs Front Fixed,STATE,RESET,0,6.1,
2023-02-25 17:24:02,1056,Upstairs Front Fixed,STATE,RESET,0,8.2,
2023-02-25 12:03:07,1056,Upstairs Front Fixed,STATE,RESET,0,11,
2023-02-25 06:42:24,1056,Upstairs Front Fixed,STATE,RESET,0,7.1,
2023-02-25 01:21:54,1056,Upstairs Front Fixed,STATE,RESET,0,7.5,
2023-02-24 20:01:16,1056,Upstairs Front Fixed,STATE,RESET,0,8.5,
2023-02-24 14:40:20,1056,Upstairs Front Fixed,STATE,RESET,0,12.7,
2023-02-24 09:19:12,1056,Upstairs Front Fixed,STATE,RESET,0,9.9,
2023-02-24 03:58:33,1056,Upstairs Front Fixed,STATE,RESET,0,7.5,
2023-02-23 22:38:01,1056,Upstairs Front Fixed,STATE,RESET,0,7.1,
2023-02-23 17:17:18,1056,Upstairs Front Fixed,STATE,RESET,0,10.3,
2023-02-23 11:56:09,1056,Upstairs Front Fixed,STATE,RESET,0,11.7,
2023-02-23 06:35:07,1056,Upstairs Front Fixed,STATE,RESET,0,10.6,
2023-02-23 01:14:14,1056,Upstairs Front Fixed,STATE,RESET,0,9.2,
2023-02-22 19:53:10,1056,Upstairs Front Fixed,STATE,RESET,0,11.3,
2023-02-07 05:05:44,1056,Upstairs Front Fixed,STATE,RESET,0,5,
2023-02-06 23:45:29,1056,Upstairs Front Fixed,STATE,RESET,0,6.4,
2023-02-06 18:24:52,1056,Upstairs Front Fixed,STATE,RESET,0,8.5,
2023-02-06 13:03:54,1056,Upstairs Front Fixed,STATE,RESET,0,13.1,
2023-02-06 13:03:40,1056,Upstairs Front Fixed,STATE,RESET,0,13.1,
2023-02-06 07:42:40,1056,Upstairs Front Fixed,STATE,RESET,0,6.8,
2023-02-06 02:22:11,1056,Upstairs Front Fixed,STATE,RESET,0,7.1,
2023-02-05 21:01:35,1056,Upstairs Front Fixed,STATE,RESET,0,7.5,
2023-02-05 15:40:50,1056,Upstairs Front Fixed,STATE,RESET,0,11,
2023-02-05 10:19:41,1056,Upstairs Front Fixed,STATE,RESET,0,9.6,
2023-02-05 04:59:04,1056,Upstairs Front Fixed,STATE,RESET,0,8.2,
2023-02-04 23:38:10,1056,Upstairs Front Fixed,STATE,RESET,0,9.9,
2023-02-04 18:17:09,1056,Upstairs Front Fixed,STATE,RESET,0,10.6,
2023-02-04 12:55:52,1056,Upstairs Front Fixed,STATE,RESET,0,12.4,
2023-02-04 07:34:41,1056,Upstairs Front Fixed,STATE,RESET,0,10.3,
2023-02-04 02:13:36,1056,Upstairs Front Fixed,STATE,RESET,0,10.6,
2023-02-03 20:52:26,1056,Upstairs Front Fixed,STATE,RESET,0,12,
2023-02-03 15:31:04,1056,Upstairs Front Fixed,STATE,RESET,0,13.8,
2023-02-03 10:09:27,1056,Upstairs Front Fixed,STATE,RESET,0,11.7,
2023-02-03 04:48:24,1056,Upstairs Front Fixed,STATE,RESET,0,9.9,
2023-02-02 23:27:18,1056,Upstairs Front Fixed,STATE,RESET,0,10.6,
2023-02-02 18:05:59,1056,Upstairs Front Fixed,STATE,RESET,0,11.7,
2023-02-02 12:44:26,1056,Upstairs Front Fixed,STATE,RESET,0,14.5,
2023-02-02 07:23:08,1056,Upstairs Front Fixed,STATE,RESET,0,8.5,
2023-02-02 02:02:12,1056,Upstairs Front Fixed,STATE,RESET,0,9.9,
2023-02-01 20:41:07,1056,Upstairs Front Fixed,STATE,RESET,0,10.6,
2023-02-01 15:19:54,1056,Upstairs Front Fixed,STATE,RESET,0,12,
2023-02-01 09:58:32,1056,Upstairs Front Fixed,STATE,RESET,0,9.6,
2023-02-01 04:37:52,1056,Upstairs Front Fixed,STATE,RESET,0,7.5,
2023-01-31 23:17:03,1056,Upstairs Front Fixed,STATE,RESET,0,8.5,
2023-01-31 17:56:08,1056,Upstairs Front Fixed,STATE,RESET,0,10.6,
2023-01-31 12:34:43,1056,Upstairs Front Fixed,STATE,RESET,0,13.1,
2023-01-31 07:13:39,1056,Upstairs Front Fixed,STATE,RESET,0,7.1,
2023-01-31 01:53:01,1056,Upstairs Front Fixed,STATE,RESET,0,6.4,
2023-01-30 20:32:34,1056,Upstairs Front Fixed,STATE,RESET,0,7.5,
2023-01-30 15:11:38,1056,Upstairs Front Fixed,STATE,RESET,0,10.3,
2023-01-30 09:50:28,1056,Upstairs Front Fixed,STATE,RESET,0,8.2,
2023-01-30 04:29:55,1056,Upstairs Front Fixed,STATE,RESET,0,7.5,
2023-01-29 23:09:18,1056,Upstairs Front Fixed,STATE,RESET,0,6.8,
2023-01-28 20:25:48,1056,Upstairs Front Fixed,STATE,RESET,0,7.1,
2023-01-28 15:05:06,1056,Upstairs Front Fixed,STATE,RESET,0,8.5,
2023-01-28 09:44:23,1056,Upstairs Front Fixed,STATE,RESET,0,6.8,
2023-01-28 04:23:56,1056,Upstairs Front Fixed,STATE,RESET,0,5.7,
2023-01-27 23:03:37,1056,Upstairs Front Fixed,STATE,RESET,0,5.4,
2023-01-27 17:43:11,1056,Upstairs Front Fixed,STATE,RESET,0,7.8,
2023-01-27 12:22:09,1056,Upstairs Front Fixed,STATE,RESET,0,11.3,
2023-01-27 07:01:12,1056,Upstairs Front Fixed,STATE,RESET,0,7.8,
2023-01-27 01:40:30,1056,Upstairs Front Fixed,STATE,RESET,0,7.8,
2023-01-26 20:19:47,1056,Upstairs Front Fixed,STATE,RESET,0,8.5,
2023-01-26 14:58:52,1056,Upstairs Front Fixed,STATE,RESET,0,11,
2023-01-26 09:37:43,1056,Upstairs Front Fixed,STATE,RESET,0,9.6,
2023-01-26 04:16:59,1056,Upstairs Front Fixed,STATE,RESET,0,7.5,
2023-01-25 22:56:20,1056,Upstairs Front Fixed,STATE,RESET,0,9.2,
2023-01-25 17:35:37,1056,Upstairs Front Fixed,STATE,RESET,0,8.9,
2023-01-25 12:14:48,1056,Upstairs Front Fixed,STATE,RESET,0,9.2,
2023-01-25 06:54:11,1056,Upstairs Front Fixed,STATE,RESET,0,7.8,
2023-01-25 01:33:30,1056,Upstairs Front Fixed,STATE,RESET,0,8.2,
2023-01-24 20:12:41,1056,Upstairs Front Fixed,STATE,RESET,0,9.2,
2023-01-24 14:51:49,1056,Upstairs Front Fixed,STATE,RESET,0,10.3,
2023-01-24 09:30:53,1056,Upstairs Front Fixed,STATE,RESET,0,8.9,
2023-01-24 04:10:06,1056,Upstairs Front Fixed,STATE,RESET,0,8.9,
2023-01-23 22:49:24,1056,Upstairs Front Fixed,STATE,RESET,0,7.8,
2023-01-23 17:28:56,1056,Upstairs Front Fixed,STATE,RESET,0,5.7,
2023-01-23 12:08:42,1056,Upstairs Front Fixed,STATE,RESET,0,4,
2023-01-23 06:48:44,1056,Upstairs Front Fixed,STATE,RESET,0,2.6,
2023-01-23 01:28:48,1056,Upstairs Front Fixed,STATE,RESET,0,1.9,
2023-01-22 20:08:53,1056,Upstairs Front Fixed,STATE,RESET,0,2.9,
2023-01-22 14:48:47,1056,Upstairs Front Fixed,STATE,RESET,0,6.4,
2023-01-22 09:28:17,1056,Upstairs Front Fixed,STATE,RESET,0,1.9,
2023-01-22 04:08:34,1056,Upstairs Front Fixed,STATE,RESET,0,2.2,
2023-01-21 22:48:42,1056,Upstairs Front Fixed,STATE,RESET,0,2.6,
2023-01-21 17:28:38,1056,Upstairs Front Fixed,STATE,RESET,0,5,
2023-01-21 12:07:58,1056,Upstairs Front Fixed,STATE,RESET,0,9.9,
2023-01-21 06:47:46,1056,Upstairs Front Fixed,STATE,RESET,0,1.9,
2023-01-21 01:27:48,1056,Upstairs Front Fixed,STATE,RESET,0,3.6,
2023-01-20 20:07:36,1056,Upstairs Front Fixed,STATE,RESET,0,4,
2023-01-20 14:47:19,1056,Upstairs Front Fixed,STATE,RESET,0,6.4,
2023-01-20 09:26:49,1056,Upstairs Front Fixed,STATE,RESET,0,3.3,
2023-01-20 04:07:00,1056,Upstairs Front Fixed,STATE,RESET,0,2.2,
2023-01-19 22:47:05,1056,Upstairs Front Fixed,STATE,RESET,0,2.9,
2023-01-19 17:27:08,1056,Upstairs Front Fixed,STATE,RESET,0,3.3,
2023-01-19 12:06:48,1056,Upstairs Front Fixed,STATE,RESET,0,8.2,
2023-01-19 06:46:51,1056,Upstairs Front Fixed,STATE,RESET,0,0.8,
2023-01-19 01:27:07,1056,Upstairs Front Fixed,STATE,RESET,0,1.9,
2023-01-18 20:07:13,1056,Upstairs Front Fixed,STATE,RESET,0,2.9,
2023-01-18 14:47:11,1056,Upstairs Front Fixed,STATE,RESET,0,5,
2023-01-18 09:26:54,1056,Upstairs Front Fixed,STATE,RESET,0,2.2,
2023-01-18 04:07:07,1056,Upstairs Front Fixed,STATE,RESET,0,1.2,
2023-01-17 22:47:18,1056,Upstairs Front Fixed,STATE,RESET,0,1.9,
2023-01-17 17:27:21,1056,Upstairs Front Fixed,STATE,RESET,0,2.9,
2023-01-17 12:07:07,1056,Upstairs Front Fixed,STATE,RESET,0,6.4,
2023-01-17 06:47:03,1056,Upstairs Front Fixed,STATE,RESET,0,1.2,
2023-01-17 01:27:09,1056,Upstairs Front Fixed,STATE,RESET,0,1.9,
2023-01-16 20:07:09,1056,Upstairs Front Fixed,STATE,RESET,0,3.3,
2023-01-16 14:46:49,1056,Upstairs Front Fixed,STATE,RESET,0,6.4,
2023-01-16 09:26:19,1056,Upstairs Front Fixed,STATE,RESET,0,5.4,
2023-01-16 04:05:55,1056,Upstairs Front Fixed,STATE,RESET,0,6.1,
2023-01-15 22:45:35,1056,Upstairs Front Fixed,STATE,RESET,0,5.4,
2023-01-15 17:25:05,1056,Upstairs Front Fixed,STATE,RESET,0,7.1,
2023-01-15 12:04:18,1056,Upstairs Front Fixed,STATE,RESET,0,9.6,
2023-01-15 06:43:35,1056,Upstairs Front Fixed,STATE,RESET,0,5.7,
2023-01-15 01:23:07,1056,Upstairs Front Fixed,STATE,RESET,0,6.8,
2023-01-14 20:02:44,1056,Upstairs Front Fixed,STATE,RESET,0,7.8,
2023-01-14 20:02:32,1056,Upstairs Front Fixed,STATE,RESET,0,7.8,
2023-01-14 14:41:35,1056,Upstairs Front Fixed,STATE,RESET,0,11.7,
2023-01-14 09:20:25,1056,Upstairs Front Fixed,STATE,RESET,0,9.6,
2023-01-14 03:59:32,1056,Upstairs Front Fixed,STATE,RESET,0,8.9,
2023-01-13 22:38:51,1056,Upstairs Front Fixed,STATE,RESET,0,7.5,
2023-01-13 17:18:06,1056,Upstairs Front Fixed,STATE,RESET,0,9.6,
2023-01-13 11:56:57,1056,Upstairs Front Fixed,STATE,RESET,0,11.7,
2023-01-13 06:35:58,1056,Upstairs Front Fixed,STATE,RESET,0,8.5,
2023-01-13 01:15:11,1056,Upstairs Front Fixed,STATE,RESET,0,8.5,
2023-01-12 19:54:17,1056,Upstairs Front Fixed,STATE,RESET,0,9.9,
2023-01-12 14:33:01,1056,Upstairs Front Fixed,STATE,RESET,0,12.4,
2023-01-12 09:11:37,1056,Upstairs Front Fixed,STATE,RESET,0,11.3,
2023-01-12 03:50:29,1056,Upstairs Front Fixed,STATE,RESET,0,10.6,
2023-01-11 22:29:27,1056,Upstairs Front Fixed,STATE,RESET,0,9.6,
2023-01-11 17:08:39,1056,Upstairs Front Fixed,STATE,RESET,0,9.2,
2023-01-11 17:08:27,1056,Upstairs Front Fixed,STATE,RESET,0,9.2,
2023-01-11 11:47:11,1056,Upstairs Front Fixed,STATE,RESET,0,12,
2023-01-11 01:05:13,1056,Upstairs Front Fixed,STATE,RESET,0,11,
2023-01-10 19:43:55,1056,Upstairs Front Fixed,STATE,RESET,0,11.3,
2023-01-10 14:22:43,1056,Upstairs Front Fixed,STATE,RESET,0,9.6,
2023-01-10 09:01:57,1056,Upstairs Front Fixed,STATE,RESET,0,7.8,
2023-01-10 03:41:31,1056,Upstairs Front Fixed,STATE,RESET,0,6.4,
2023-01-09 22:20:55,1056,Upstairs Front Fixed,STATE,RESET,0,7.5,
2023-01-09 17:00:12,1056,Upstairs Front Fixed,STATE,RESET,0,8.9,
2023-01-09 11:39:06,1056,Upstairs Front Fixed,STATE,RESET,0,10.3,
2023-01-09 06:18:25,1056,Upstairs Front Fixed,STATE,RESET,0,6.8,
2023-01-09 00:57:46,1056,Upstairs Front Fixed,STATE,RESET,0,7.1,
2023-01-08 19:37:08,1056,Upstairs Front Fixed,STATE,RESET,0,8.2,
2023-01-08 14:16:13,1056,Upstairs Front Fixed,STATE,RESET,0,11,
2023-01-08 08:54:58,1056,Upstairs Front Fixed,STATE,RESET,0,8.5,
2023-01-08 03:34:05,1056,Upstairs Front Fixed,STATE,RESET,0,8.5,
2023-01-07 22:13:13,1056,Upstairs Front Fixed,STATE,RESET,0,8.2,
2023-01-07 16:52:14,1056,Upstairs Front Fixed,STATE,RESET,0,10.6,
2023-01-07 11:31:06,1056,Upstairs Front Fixed,STATE,RESET,0,10.6,
2023-01-07 06:09:52,1056,Upstairs Front Fixed,STATE,RESET,0,10.6,
2023-01-07 00:48:37,1056,Upstairs Front Fixed,STATE,RESET,0,11,
2023-01-06 19:27:24,1056,Upstairs Front Fixed,STATE,RESET,0,10.6,
2023-01-06 14:06:14,1056,Upstairs Front Fixed,STATE,RESET,0,11.7,
2023-01-06 08:44:59,1056,Upstairs Front Fixed,STATE,RESET,0,8.5,
2023-01-06 03:24:00,1056,Upstairs Front Fixed,STATE,RESET,0,10.6,
2023-01-05 22:02:46,1056,Upstairs Front Fixed,STATE,RESET,0,10.6,
2023-01-05 16:41:30,1056,Upstairs Front Fixed,STATE,RESET,0,11.7,
2023-01-05 11:20:03,1056,Upstairs Front Fixed,STATE,RESET,0,11.7,
2023-01-05 05:58:52,1056,Upstairs Front Fixed,STATE,RESET,0,9.6,
2023-01-05 00:37:42,1056,Upstairs Front Fixed,STATE,RESET,0,10.3,
2023-01-04 19:16:27,1056,Upstairs Front Fixed,STATE,RESET,0,11.3,
2023-01-04 13:54:59,1056,Upstairs Front Fixed,STATE,RESET,0,13.4,
2023-01-04 08:33:32,1056,Upstairs Front Fixed,STATE,RESET,0,12.4,
2023-01-04 03:11:58,1056,Upstairs Front Fixed,STATE,RESET,0,12,
2023-01-03 21:50:41,1056,Upstairs Front Fixed,STATE,RESET,0,10.3,
2023-01-03 16:29:38,1056,Upstairs Front Fixed,STATE,RESET,0,9.9,
2023-01-03 11:08:29,1056,Upstairs Front Fixed,STATE,RESET,0,9.9,
2023-01-03 05:47:42,1056,Upstairs Front Fixed,STATE,RESET,0,7.5,
2023-01-03 00:27:17,1056,Upstairs Front Fixed,STATE,RESET,0,5.7,
2023-01-02 19:06:46,1056,Upstairs Front Fixed,STATE,RESET,0,6.8,
2023-01-02 13:45:59,1056,Upstairs Front Fixed,STATE,RESET,0,10.3,
2023-01-02 08:24:54,1056,Upstairs Front Fixed,STATE,RESET,0,8.5,
2023-01-02 03:04:10,1056,Upstairs Front Fixed,STATE,RESET,0,8.5,
2023-01-01 21:43:18,1056,Upstairs Front Fixed,STATE,RESET,0,9.9,
2023-01-01 16:22:13,1056,Upstairs Front Fixed,STATE,RESET,0,11,
2023-01-01 11:01:03,1056,Upstairs Front Fixed,STATE,RESET,0,12.4,
2023-01-01 11:00:52,1056,Upstairs Front Fixed,STATE,RESET,0,12.4,
2023-01-01 05:39:45,1056,Upstairs Front Fixed,STATE,RESET,0,10.3,
2023-01-01 00:18:32,1056,Upstairs Front Fixed,STATE,RESET,0,12,
2022-12-31 18:57:11,1056,Upstairs Front Fixed,STATE,RESET,0,12,
2022-12-31 13:35:49,1056,Upstairs Front Fixed,STATE,RESET,0,12,
2022-12-31 08:14:24,1056,Upstairs Front Fixed,STATE,RESET,0,11.7,
2022-12-31 02:53:16,1056,Upstairs Front Fixed,STATE,RESET,0,9.9,
2022-12-30 21:32:12,1056,Upstairs Front Fixed,STATE,RESET,0,10.6,
2022-12-30 16:11:00,1056,Upstairs Front Fixed,STATE,RESET,0,11.3,
2022-12-30 10:50:01,1056,Upstairs Front Fixed,STATE,RESET,0,8.5,
2022-12-30 05:29:13,1056,Upstairs Front Fixed,STATE,RESET,0,7.8,
2022-12-30 00:08:33,1056,Upstairs Front Fixed,STATE,RESET,0,6.4,
2022-12-29 18:47:51,1056,Upstairs Front Fixed,STATE,RESET,0,8.2,
2022-12-29 13:26:56,1056,Upstairs Front Fixed,STATE,RESET,0,10.6,
2022-12-29 08:05:43,1056,Upstairs Front Fixed,STATE,RESET,0,8.9,
2022-12-29 02:44:47,1056,Upstairs Front Fixed,STATE,RESET,0,9.2,
2022-12-28 21:23:50,1056,Upstairs Front Fixed,STATE,RESET,0,9.6,
2022-12-28 16:02:46,1056,Upstairs Front Fixed,STATE,RESET,0,9.6,
2022-12-28 10:41:42,1056,Upstairs Front Fixed,STATE,RESET,0,9.9,
2022-12-28 05:20:43,1056,Upstairs Front Fixed,STATE,RESET,0,9.6,
2022-12-27 23:59:45,1056,Upstairs Front Fixed,STATE,RESET,0,8.5,
2022-12-27 18:38:57,1056,Upstairs Front Fixed,STATE,RESET,0,8.5,
2022-12-27 13:18:06,1056,Upstairs Front Fixed,STATE,RESET,0,9.6,
2022-12-27 07:57:23,1056,Upstairs Front Fixed,STATE,RESET,0,5.4,
2022-12-27 02:37:02,1056,Upstairs Front Fixed,STATE,RESET,0,5.7,
2022-12-26 21:16:35,1056,Upstairs Front Fixed,STATE,RESET,0,6.8,
2022-12-26 15:55:55,1056,Upstairs Front Fixed,STATE,RESET,0,8.2,
2022-12-26 10:34:53,1056,Upstairs Front Fixed,STATE,RESET,0,11.7,
2022-12-26 05:14:15,1056,Upstairs Front Fixed,STATE,RESET,0,9.2,
2022-12-25 23:53:21,1056,Upstairs Front Fixed,STATE,RESET,0,8.9,
2022-12-25 18:32:20,1056,Upstairs Front Fixed,STATE,RESET,0,8.9,
2022-12-25 13:11:16,1056,Upstairs Front Fixed,STATE,RESET,0,10.6,
2022-12-25 07:50:12,1056,Upstairs Front Fixed,STATE,RESET,0,8.9,
2022-12-25 02:29:16,1056,Upstairs Front Fixed,STATE,RESET,0,8.9,
2022-12-24 21:08:19,1056,Upstairs Front Fixed,STATE,RESET,0,8.2,
2022-12-24 15:47:32,1056,Upstairs Front Fixed,STATE,RESET,0,8.2,
2022-12-24 10:26:35,1056,Upstairs Front Fixed,STATE,RESET,0,8.9,
2022-12-24 05:05:53,1056,Upstairs Front Fixed,STATE,RESET,0,7.8,
2022-12-23 23:45:07,1056,Upstairs Front Fixed,STATE,RESET,0,8.5,
2022-12-23 18:24:13,1056,Upstairs Front Fixed,STATE,RESET,0,10.3,
2022-12-23 13:03:08,1056,Upstairs Front Fixed,STATE,RESET,0,9.6,
2022-12-23 07:42:16,1056,Upstairs Front Fixed,STATE,RESET,0,8.2,
2022-12-23 02:21:26,1056,Upstairs Front Fixed,STATE,RESET,0,8.9,
2022-12-22 21:00:27,1056,Upstairs Front Fixed,STATE,RESET,0,10.3,
2022-12-22 15:39:28,1056,Upstairs Front Fixed,STATE,RESET,0,9.6,
2022-12-22 10:18:32,1056,Upstairs Front Fixed,STATE,RESET,0,8.5,
2022-12-22 04:57:52,1056,Upstairs Front Fixed,STATE,RESET,0,7.8,
2022-12-21 23:37:12,1056,Upstairs Front Fixed,STATE,RESET,0,8.2,
2022-12-21 18:16:20,1056,Upstairs Front Fixed,STATE,RESET,0,8.5,
2022-12-21 12:55:18,1056,Upstairs Front Fixed,STATE,RESET,0,10.6,
2022-12-21 07:34:19,1056,Upstairs Front Fixed,STATE,RESET,0,7.5,
2022-12-21 02:13:43,1056,Upstairs Front Fixed,STATE,RESET,0,7.1,
2022-12-20 20:53:04,1056,Upstairs Front Fixed,STATE,RESET,0,7.5,
2022-12-20 15:32:15,1056,Upstairs Front Fixed,STATE,RESET,0,9.9,
2022-12-20 10:11:02,1056,Upstairs Front Fixed,STATE,RESET,0,9.9,
2022-12-20 04:49:55,1056,Upstairs Front Fixed,STATE,RESET,0,10.3,
2022-12-19 23:28:46,1056,Upstairs Front Fixed,STATE,RESET,0,11,
2022-12-19 18:07:38,1056,Upstairs Front Fixed,STATE,RESET,0,9.9,
2022-12-19 12:46:36,1056,Upstairs Front Fixed,STATE,RESET,0,10.3,
2022-12-19 07:25:42,1056,Upstairs Front Fixed,STATE,RESET,0,8.5,
2022-12-19 02:04:59,1056,Upstairs Front Fixed,STATE,RESET,0,6.8,
2022-12-18 20:44:35,1056,Upstairs Front Fixed,STATE,RESET,0,4.7,
2022-12-18 15:24:30,1056,Upstairs Front Fixed,STATE,RESET,0,2.9,
2022-12-18 10:04:23,1056,Upstairs Front Fixed,STATE,RESET,0,2.6,
2022-12-18 04:44:30,1056,Upstairs Front Fixed,STATE,RESET,0,0.8,
2022-12-17 23:24:39,1056,Upstairs Front Fixed,STATE,RESET,0,1.5,
2022-12-17 18:04:40,1056,Upstairs Front Fixed,STATE,RESET,0,2.2,
2022-12-17 12:44:33,1056,Upstairs Front Fixed,STATE,RESET,0,4.7,
2022-12-17 07:24:37,1056,Upstairs Front Fixed,STATE,RESET,0,654.1,
2022-12-17 02:05:05,1056,Upstairs Front Fixed,STATE,RESET,0,654.1,
2022-12-16 20:45:30,1056,Upstairs Front Fixed,STATE,RESET,0,655.1,
2022-12-16 15:25:39,1056,Upstairs Front Fixed,STATE,RESET,0,2.6,
2022-12-16 10:05:39,1056,Upstairs Front Fixed,STATE,RESET,0,0.8,
2022-12-16 04:46:04,1056,Upstairs Front Fixed,STATE,RESET,0,655.1,
2022-12-15 23:26:25,1056,Upstairs Front Fixed,STATE,RESET,0,0.8,
2022-12-15 18:06:41,1056,Upstairs Front Fixed,STATE,RESET,0,0.8,
2022-12-15 12:46:53,1056,Upstairs Front Fixed,STATE,RESET,0,2.2,
2022-12-15 07:27:25,1056,Upstairs Front Fixed,STATE,RESET,0,653.7,
2022-12-15 07:27:14,1056,Upstairs Front Fixed,STATE,RESET,0,653.7,
2022-12-15 02:07:42,1056,Upstairs Front Fixed,STATE,RESET,0,0.8,
2022-12-14 20:48:00,1056,Upstairs Front Fixed,STATE,RESET,0,1.2,
2022-12-14 15:28:13,1056,Upstairs Front Fixed,STATE,RESET,0,2.2,
2022-12-14 10:08:13,1056,Upstairs Front Fixed,STATE,RESET,0,2.6,
2022-12-14 04:48:27,1056,Upstairs Front Fixed,STATE,RESET,0,0.5,
2022-12-13 23:28:38,1056,Upstairs Front Fixed,STATE,RESET,0,1.5,
2022-12-13 18:08:50,1056,Upstairs Front Fixed,STATE,RESET,0,1.9,
2022-12-13 12:48:50,1056,Upstairs Front Fixed,STATE,RESET,0,3.3,
2022-12-13 07:29:02,1056,Upstairs Front Fixed,STATE,RESET,0,655.1,
2022-12-13 02:09:25,1056,Upstairs Front Fixed,STATE,RESET,0,655.1,
2022-12-12 20:49:43,1056,Upstairs Front Fixed,STATE,RESET,0,1.5,
2022-12-12 15:29:45,1056,Upstairs Front Fixed,STATE,RESET,0,4.3,
2022-12-12 10:09:30,1056,Upstairs Front Fixed,STATE,RESET,0,3.6,
2022-12-12 04:49:36,1056,Upstairs Front Fixed,STATE,RESET,0,2.2,
2022-12-11 23:29:37,1056,Upstairs Front Fixed,STATE,RESET,0,2.6,
2022-12-11 18:09:44,1056,Upstairs Front Fixed,STATE,RESET,0,1.9,
2022-12-11 12:49:39,1056,Upstairs Front Fixed,STATE,RESET,0,4.3,
2022-12-11 07:29:43,1056,Upstairs Front Fixed,STATE,RESET,0,654.4,
2022-12-11 02:10:15,1056,Upstairs Front Fixed,STATE,RESET,0,654.8,
2022-12-10 20:50:38,1056,Upstairs Front Fixed,STATE,RESET,0,0.5,
2022-12-10 15:32:01,1056,Upstairs Front Fixed,STATE,RESET,0,3.3,
2022-12-10 10:10:27,1056,Upstairs Front Fixed,STATE,RESET,0,4.3,
2022-12-10 04:50:34,1056,Upstairs Front Fixed,STATE,RESET,0,1.2,
2022-12-09 23:30:40,1056,Upstairs Front Fixed,STATE,RESET,0,1.5,
2022-12-09 18:10:45,1056,Upstairs Front Fixed,STATE,RESET,0,2.6,
2022-12-09 12:50:31,1056,Upstairs Front Fixed,STATE,RESET,0,5.7,
2022-12-09 07:30:19,1056,Upstairs Front Fixed,STATE,RESET,0,1.2,
2022-12-09 02:10:29,1056,Upstairs Front Fixed,STATE,RESET,0,1.2,
2022-12-08 20:50:36,1056,Upstairs Front Fixed,STATE,RESET,0,1.9,
2022-12-08 15:30:37,1056,Upstairs Front Fixed,STATE,RESET,0,4,
2022-12-08 10:10:10,1056,Upstairs Front Fixed,STATE,RESET,0,5.4,
2022-12-08 04:50:17,1056,Upstairs Front Fixed,STATE,RESET,0,1.9,
2022-12-07 23:30:23,1056,Upstairs Front Fixed,STATE,RESET,0,2.9,
2022-12-07 18:10:16,1056,Upstairs Front Fixed,STATE,RESET,0,4.3,
2022-12-07 12:49:53,1056,Upstairs Front Fixed,STATE,RESET,0,6.4,
2022-12-07 07:29:30,1056,Upstairs Front Fixed,STATE,RESET,0,4.7,
2022-12-07 02:09:14,1056,Upstairs Front Fixed,STATE,RESET,0,5,
2022-12-06 20:48:53,1056,Upstairs Front Fixed,STATE,RESET,0,5.7,
2022-12-06 15:28:23,1056,Upstairs Front Fixed,STATE,RESET,0,6.8,
2022-12-06 10:07:34,1056,Upstairs Front Fixed,STATE,RESET,0,8.2,
2022-12-06 04:47:05,1056,Upstairs Front Fixed,STATE,RESET,0,5.7,
2022-12-05 23:26:32,1056,Upstairs Front Fixed,STATE,RESET,0,5.7,
2022-12-05 18:05:56,1056,Upstairs Front Fixed,STATE,RESET,0,7.1,
2022-12-05 12:45:02,1056,Upstairs Front Fixed,STATE,RESET,0,9.2,
2022-12-03 12:38:49,1056,Upstairs Front Fixed,STATE,RESET,0,8.2,
2022-12-03 07:17:56,1056,Upstairs Front Fixed,STATE,RESET,0,7.5,
2022-12-03 01:57:10,1056,Upstairs Front Fixed,STATE,RESET,0,7.1,
2022-12-02 20:36:27,1056,Upstairs Front Fixed,STATE,RESET,0,7.5,
2022-12-02 15:15:38,1056,Upstairs Front Fixed,STATE,RESET,0,8.2,
2022-12-02 09:54:35,1056,Upstairs Front Fixed,STATE,RESET,0,8.2,
2022-12-02 04:33:51,1056,Upstairs Front Fixed,STATE,RESET,0,6.4,
2022-12-01 23:13:03,1056,Upstairs Front Fixed,STATE,RESET,0,7.8,
2022-12-01 17:52:07,1056,Upstairs Front Fixed,STATE,RESET,0,8.5,
2022-12-01 12:30:57,1056,Upstairs Front Fixed,STATE,RESET,0,9.6,
2022-12-01 07:10:00,1056,Upstairs Front Fixed,STATE,RESET,0,7.1,
2022-12-01 01:49:15,1056,Upstairs Front Fixed,STATE,RESET,0,7.1,
2022-11-30 20:28:20,1056,Upstairs Front Fixed,STATE,RESET,0,8.9,
2022-11-30 15:07:06,1056,Upstairs Front Fixed,STATE,RESET,0,9.9,
2022-11-30 09:45:41,1056,Upstairs Front Fixed,STATE,RESET,0,8.9,
2022-11-30 09:45:34,1056,Upstairs Front Fixed,STATE,PRE-WARN,0,8.9,
2022-11-29 12:30:40,1056,Upstairs Front Fixed,STATE,RESET,0,11.7,
2022-11-29 11:27:48,1056,Upstairs Front Fixed,STATE,RESET,0,10.6,
2022-11-29 06:07:04,1056,Upstairs Front Fixed,STATE,RESET,0,8.9,
2022-11-29 00:46:30,1056,Upstairs Front Fixed,STATE,RESET,0,9.2,
2022-11-28 19:25:56,1056,Upstairs Front Fixed,STATE,RESET,0,11,
2022-11-28 19:25:13,1056,Upstairs Front Fixed,STATE,PRE-WARN,0,11.7,
2022-11-28 14:47:46,1056,Upstairs Front Fixed,STATE,RESET,0,11.7,
2022-11-28 09:26:50,1056,Upstairs Front Fixed,STATE,RESET,0,9.6,
2022-11-28 04:06:08,1056,Upstairs Front Fixed,STATE,RESET,0,9.9,
2022-11-27 22:45:17,1056,Upstairs Front Fixed,STATE,RESET,0,11.3,
2022-11-27 17:24:18,1056,Upstairs Front Fixed,STATE,RESET,0,12,
2022-11-27 12:03:14,1056,Upstairs Front Fixed,STATE,RESET,0,12.4,
2022-11-27 06:42:19,1056,Upstairs Front Fixed,STATE,RESET,0,11,
2022-11-27 01:21:30,1056,Upstairs Front Fixed,STATE,RESET,0,11.3,
2022-11-26 20:00:35,1056,Upstairs Front Fixed,STATE,RESET,0,11.3,
2022-11-26 14:39:38,1056,Upstairs Front Fixed,STATE,RESET,0,12.7,
2022-11-26 09:18:34,1056,Upstairs Front Fixed,STATE,RESET,0,9.9,
2022-11-26 03:58:11,1056,Upstairs Front Fixed,STATE,RESET,0,8.9,
2022-11-25 22:37:30,1056,Upstairs Front Fixed,STATE,RESET,0,8.9,
2022-11-25 17:16:51,1056,Upstairs Front Fixed,STATE,RESET,0,10.3,
2022-11-25 11:55:45,1056,Upstairs Front Fixed,STATE,RESET,0,14.1,
2022-11-25 06:34:56,1056,Upstairs Front Fixed,STATE,RESET,0,8.9,
2022-11-25 01:14:18,1056,Upstairs Front Fixed,STATE,RESET,0,9.2,
2022-11-24 19:53:37,1056,Upstairs Front Fixed,STATE,RESET,0,10.3,
2022-11-24 14:32:36,1056,Upstairs Front Fixed,STATE,RESET,0,12.4,
2022-11-24 09:11:33,1056,Upstairs Front Fixed,STATE,RESET,0,8.9,
2022-11-24 03:51:09,1056,Upstairs Front Fixed,STATE,RESET,0,8.5,
2022-11-23 22:30:38,1056,Upstairs Front Fixed,STATE,RESET,0,8.9,
2022-11-23 17:09:59,1056,Upstairs Front Fixed,STATE,RESET,0,9.6,
2022-11-23 11:49:08,1056,Upstairs Front Fixed,STATE,RESET,0,9.9,
2022-11-23 06:28:29,1056,Upstairs Front Fixed,STATE,RESET,0,7.5,
2022-11-23 01:08:09,1056,Upstairs Front Fixed,STATE,RESET,0,8.5,
2022-11-22 19:47:35,1056,Upstairs Front Fixed,STATE,RESET,0,9.2,
2022-11-22 14:26:53,1056,Upstairs Front Fixed,STATE,RESET,0,11,
2022-11-22 09:06:04,1056,Upstairs Front Fixed,STATE,RESET,0,8.2,
2022-11-22 03:45:40,1056,Upstairs Front Fixed,STATE,RESET,0,7.5,
2022-11-21 22:25:18,1056,Upstairs Front Fixed,STATE,RESET,0,8.5,
2022-11-21 17:04:44,1056,Upstairs Front Fixed,STATE,RESET,0,8.9,
2022-11-21 11:44:04,1056,Upstairs Front Fixed,STATE,RESET,0,9.9,
2022-11-15 11:24:20,1056,Upstairs Front Fixed,STATE,RESET,0,13.4,
2022-11-15 08:05:28,1056,Upstairs Front Fixed,STATE,RESET,0,13.1,
2022-11-15 02:44:26,1056,Upstairs Front Fixed,STATE,RESET,0,12.7,
2022-11-14 21:23:13,1056,Upstairs Front Fixed,STATE,RESET,0,13.8,
2022-11-14 16:01:58,1056,Upstairs Front Fixed,STATE,RESET,0,13.8,
2022-11-14 10:40:22,1056,Upstairs Front Fixed,STATE,RESET,0,19,
2022-11-14 05:19:21,1056,Upstairs Front Fixed,STATE,RESET,0,11,
2022-11-13 23:58:28,1056,Upstairs Front Fixed,STATE,RESET,0,12,
2022-11-13 18:37:21,1056,Upstairs Front Fixed,STATE,RESET,0,13.8,
2022-11-13 13:15:52,1056,Upstairs Front Fixed,STATE,RESET,0,16.2,
2022-11-13 07:54:25,1056,Upstairs Front Fixed,STATE,RESET,0,13.1,
2022-11-13 02:33:13,1056,Upstairs Front Fixed,STATE,RESET,0,14.1,
2022-11-12 21:11:53,1056,Upstairs Front Fixed,STATE,RESET,0,14.1,
2022-11-12 15:50:31,1056,Upstairs Front Fixed,STATE,RESET,0,15.5,
2022-11-12 10:28:44,1056,Upstairs Front Fixed,STATE,RESET,0,16.9,
2022-11-12 05:07:26,1056,Upstairs Front Fixed,STATE,RESET,0,12.4,
2022-11-11 23:46:23,1056,Upstairs Front Fixed,STATE,RESET,0,12.7,
2022-11-11 18:25:07,1056,Upstairs Front Fixed,STATE,RESET,0,14.1,
2022-11-11 13:03:35,1056,Upstairs Front Fixed,STATE,RESET,0,16.9,
2022-11-11 07:42:02,1056,Upstairs Front Fixed,STATE,RESET,0,13.4,
2022-11-11 02:20:43,1056,Upstairs Front Fixed,STATE,RESET,0,14.5,
2022-11-10 20:59:19,1056,Upstairs Front Fixed,STATE,RESET,0,14.8,
2022-11-09 18:13:03,1056,Upstairs Front Fixed,STATE,RESET,0,13.4,
2022-11-09 12:51:35,1056,Upstairs Front Fixed,STATE,RESET,0,16.6,
2022-11-09 07:30:05,1056,Upstairs Front Fixed,STATE,RESET,0,12.7,
2022-11-09 02:08:56,1056,Upstairs Front Fixed,STATE,RESET,0,13.4,
2022-11-08 20:47:40,1056,Upstairs Front Fixed,STATE,RESET,0,13.8,
2022-11-08 15:26:14,1056,Upstairs Front Fixed,STATE,RESET,0,16.2,
2022-11-08 10:04:28,1056,Upstairs Front Fixed,STATE,RESET,0,15.9,
2022-11-08 04:43:01,1056,Upstairs Front Fixed,STATE,RESET,0,14.5,
2022-11-07 23:21:39,1056,Upstairs Front Fixed,STATE,RESET,0,14.1,
2022-11-07 18:00:17,1056,Upstairs Front Fixed,STATE,RESET,0,14.1,
2022-11-07 12:38:53,1056,Upstairs Front Fixed,STATE,RESET,0,14.8,
2022-11-07 07:17:37,1056,Upstairs Front Fixed,STATE,RESET,0,12,
2022-11-07 01:56:39,1056,Upstairs Front Fixed,STATE,RESET,0,11.3,
2022-11-06 20:35:43,1056,Upstairs Front Fixed,STATE,RESET,0,11.7,
2022-11-06 15:14:33,1056,Upstairs Front Fixed,STATE,RESET,0,13.8,
2022-11-06 09:53:15,1056,Upstairs Front Fixed,STATE,RESET,0,14.1,
2022-11-06 04:31:56,1056,Upstairs Front Fixed,STATE,RESET,0,13.8,
2022-11-05 23:10:40,1056,Upstairs Front Fixed,STATE,RESET,0,13.4,
2022-11-05 17:49:34,1056,Upstairs Front Fixed,STATE,RESET,0,12.7,
2022-11-05 12:28:23,1056,Upstairs Front Fixed,STATE,RESET,0,13.1,
2022-11-05 07:07:27,1056,Upstairs Front Fixed,STATE,RESET,0,9.6,
2022-11-05 01:46:54,1056,Upstairs Front Fixed,STATE,RESET,0,9.6,
2022-11-04 20:26:10,1056,Upstairs Front Fixed,STATE,RESET,0,11,
2022-11-04 15:05:12,1056,Upstairs Front Fixed,STATE,RESET,0,13.8,
2022-11-04 09:43:51,1056,Upstairs Front Fixed,STATE,RESET,0,12,
2022-11-04 04:23:09,1056,Upstairs Front Fixed,STATE,RESET,0,9.9,
2022-11-03 23:02:27,1056,Upstairs Front Fixed,STATE,RESET,0,11,
2022-11-03 17:41:27,1056,Upstairs Front Fixed,STATE,RESET,0,13.1,
2022-11-03 12:20:16,1056,Upstairs Front Fixed,STATE,RESET,0,13.8,
2022-11-03 06:59:00,1056,Upstairs Front Fixed,STATE,RESET,0,14.5,
2022-11-03 01:37:35,1056,Upstairs Front Fixed,STATE,RESET,0,15.2,
2022-11-02 20:15:58,1056,Upstairs Front Fixed,STATE,RESET,0,15.9,
2022-11-02 14:54:20,1056,Upstairs Front Fixed,STATE,RESET,0,17.3,
2022-11-02 09:32:23,1056,Upstairs Front Fixed,STATE,RESET,0,15.2,
2022-11-02 04:11:18,1056,Upstairs Front Fixed,STATE,RESET,0,12.7,
2022-11-01 22:50:11,1056,Upstairs Front Fixed,STATE,RESET,0,13.8,
2022-11-01 17:28:49,1056,Upstairs Front Fixed,STATE,RESET,0,15.2,
2022-11-01 12:07:04,1056,Upstairs Front Fixed,STATE,RESET,0,17.3,
2022-11-01 06:45:25,1056,Upstairs Front Fixed,STATE,RESET,0,14.5,
2022-11-01 01:23:57,1056,Upstairs Front Fixed,STATE,RESET,0,16.2,
2022-10-31 20:02:07,1056,Upstairs Front Fixed,STATE,RESET,0,17.3,
2022-10-31 14:40:13,1056,Upstairs Front Fixed,STATE,RESET,0,19,
2022-10-31 09:18:07,1056,Upstairs Front Fixed,STATE,RESET,0,17.6,
2022-10-31 03:56:35,1056,Upstairs Front Fixed,STATE,RESET,0,15.5,
2022-10-30 22:35:02,1056,Upstairs Front Fixed,STATE,RESET,0,15.5,
2022-10-30 17:13:28,1056,Upstairs Front Fixed,STATE,RESET,0,16.2,
2022-10-30 11:51:41,1056,Upstairs Front Fixed,STATE,RESET,0,16.9,
2022-10-30 06:29:51,1056,Upstairs Front Fixed,STATE,RESET,0,17.3,
2022-10-30 01:07:58,1056,Upstairs Front Fixed,STATE,RESET,0,18,
2022-10-29 20:46:01,1056,Upstairs Front Fixed,STATE,RESET,0,18.7,
2022-10-29 15:23:45,1056,Upstairs Front Fixed,STATE,RESET,0,22.2,
2022-10-29 10:01:23,1056,Upstairs Front Fixed,STATE,RESET,0,18,
2022-10-29 04:39:40,1056,Upstairs Front Fixed,STATE,RESET,0,16.2,
2022-10-28 23:17:58,1056,Upstairs Front Fixed,STATE,RESET,0,16.6,
2022-10-28 17:56:06,1056,Upstairs Front Fixed,STATE,RESET,0,19,
2022-10-28 12:33:34,1056,Upstairs Front Fixed,STATE,RESET,0,21.5,
2022-10-28 07:11:28,1056,Upstairs Front Fixed,STATE,RESET,0,17.6,
2022-10-28 01:49:35,1056,Upstairs Front Fixed,STATE,RESET,0,18,
2022-10-27 20:27:37,1056,Upstairs Front Fixed,STATE,RESET,0,19.7,
2022-10-27 15:05:17,1056,Upstairs Front Fixed,STATE,RESET,0,22.9,
2022-10-27 09:42:56,1056,Upstairs Front Fixed,STATE,RESET,0,18.3,
2022-10-27 04:21:06,1056,Upstairs Front Fixed,STATE,RESET,0,18,
2022-10-26 22:59:15,1056,Upstairs Front Fixed,STATE,RESET,0,18,
2022-10-26 17:37:18,1056,Upstairs Front Fixed,STATE,RESET,0,20.4,
2022-10-26 12:14:47,1056,Upstairs Front Fixed,STATE,RESET,0,22.5,
2022-10-26 06:52:45,1056,Upstairs Front Fixed,STATE,RESET,0,17.3,
2022-10-26 01:30:58,1056,Upstairs Front Fixed,STATE,RESET,0,17.3,
2022-10-25 20:09:09,1056,Upstairs Front Fixed,STATE,RESET,0,17.6,
2022-10-25 14:47:01,1056,Upstairs Front Fixed,STATE,RESET,0,21.8,
2022-10-25 09:24:48,1056,Upstairs Front Fixed,STATE,RESET,0,16.2,
2022-10-25 04:03:20,1056,Upstairs Front Fixed,STATE,RESET,0,15.2,
2022-10-24 22:41:47,1056,Upstairs Front Fixed,STATE,RESET,0,16.6,
2022-10-24 17:19:57,1056,Upstairs Front Fixed,STATE,RESET,0,19,
2022-10-24 11:57:37,1056,Upstairs Front Fixed,STATE,RESET,0,21.1,
2022-10-24 06:35:55,1056,Upstairs Front Fixed,STATE,RESET,0,15.9,
2022-10-24 01:14:15,1056,Upstairs Front Fixed,STATE,RESET,0,16.6,
2022-10-23 19:52:41,1056,Upstairs Front Fixed,STATE,RESET,0,16.9,
2022-10-23 14:30:47,1056,Upstairs Front Fixed,STATE,RESET,0,18.7,
2022-10-23 09:08:52,1056,Upstairs Front Fixed,STATE,RESET,0,17.6,
2022-10-23 03:47:00,1056,Upstairs Front Fixed,STATE,RESET,0,17.3,
2022-10-22 22:25:09,1056,Upstairs Front Fixed,STATE,RESET,0,17.6,
2022-10-22 17:03:08,1056,Upstairs Front Fixed,STATE,RESET,0,19.7,
2022-10-22 11:40:44,1056,Upstairs Front Fixed,STATE,RESET,0,20.4,
2022-10-22 06:18:52,1056,Upstairs Front Fixed,STATE,RESET,0,16.6,
2022-10-22 00:57:08,1056,Upstairs Front Fixed,STATE,RESET,0,17.3,
2022-10-21 19:35:28,1056,Upstairs Front Fixed,STATE,RESET,0,17.6,
2022-10-21 19:35:16,1056,Upstairs Front Fixed,STATE,RESET,0,17.6,
2022-10-21 14:13:06,1056,Upstairs Front Fixed,STATE,RESET,0,20.8,
2022-10-21 08:51:02,1056,Upstairs Front Fixed,STATE,RESET,0,15.5,
2022-10-21 03:29:34,1056,Upstairs Front Fixed,STATE,RESET,0,14.5,
2022-10-20 22:08:02,1056,Upstairs Front Fixed,STATE,RESET,0,15.5,
2022-10-20 16:46:20,1056,Upstairs Front Fixed,STATE,RESET,0,18.3,
2022-10-20 11:24:12,1056,Upstairs Front Fixed,STATE,RESET,0,17.3,
2022-10-20 06:02:27,1056,Upstairs Front Fixed,STATE,RESET,0,16.6,
2022-10-20 00:40:45,1056,Upstairs Front Fixed,STATE,RESET,0,16.2,
2022-10-19 19:19:04,1056,Upstairs Front Fixed,STATE,RESET,0,16.6,
2022-10-19 13:57:13,1056,Upstairs Front Fixed,STATE,RESET,0,19,
2022-10-19 08:35:16,1056,Upstairs Front Fixed,STATE,RESET,0,15.2,
2022-10-19 03:13:47,1056,Upstairs Front Fixed,STATE,RESET,0,14.8,
2022-10-18 21:52:24,1056,Upstairs Front Fixed,STATE,RESET,0,14.8,
2022-10-18 16:31:02,1056,Upstairs Front Fixed,STATE,RESET,0,18.7,
2022-10-18 16:30:18,1056,Upstairs Front Fixed,STATE,PRE-WARN,0,20.8,
2022-10-18 13:22:45,1056,Upstairs Front Fixed,STATE,RESET,0,20.8,
2022-09-10 08:15:12,1056,Upstairs Front Fixed,STATE,RESET,0,18.3,
2022-09-10 02:53:14,1056,Upstairs Front Fixed,STATE,RESET,0,17.6,
2022-09-09 21:31:06,1056,Upstairs Front Fixed,STATE,RESET,0,18.7,
2022-09-09 16:08:34,1056,Upstairs Front Fixed,STATE,RESET,0,21.1,
2022-09-09 10:45:50,1056,Upstairs Front Fixed,STATE,RESET,0,20.4,
2022-09-09 05:23:43,1056,Upstairs Front Fixed,STATE,RESET,0,18.3,
2022-09-09 00:01:34,1056,Upstairs Front Fixed,STATE,RESET,0,19.4,
2022-09-08 13:16:12,1056,Upstairs Front Fixed,STATE,RESET,0,23.9,
2022-09-08 07:53:34,1056,Upstairs Front Fixed,STATE,RESET,0,20.1,
2022-09-08 02:31:22,1056,Upstairs Front Fixed,STATE,RESET,0,19.4,
2022-09-07 21:08:56,1056,Upstairs Front Fixed,STATE,RESET,0,20.8,
2022-09-07 15:46:25,1056,Upstairs Front Fixed,STATE,RESET,0,24.6,
2022-09-07 15:46:10,1056,Upstairs Front Fixed,STATE,PRE-WARN,0,24.3,
2022-09-07 15:45:41,1056,Upstairs Front Fixed,STATE,PRE-WARN,0,24.6,
2022-09-07 15:40:57,1056,Upstairs Front Fixed,STATE,RESET,0,24.6,
2022-09-02 06:10:06,1056,Upstairs Front Fixed,STATE,RESET,0,20.1,
2022-09-02 00:47:41,1056,Upstairs Front Fixed,STATE,RESET,0,21.8,
2022-09-01 19:24:49,1056,Upstairs Front Fixed,STATE,RESET,0,24.6,
2022-09-01 14:01:12,1056,Upstairs Front Fixed,STATE,RESET,0,28.5,
2022-09-01 08:37:51,1056,Upstairs Front Fixed,STATE,RESET,0,21.8,
2022-09-01 03:15:26,1056,Upstairs Front Fixed,STATE,RESET,0,20.4,
2022-08-31 21:52:58,1056,Upstairs Front Fixed,STATE,RESET,0,20.8,
2022-08-31 16:30:39,1056,Upstairs Front Fixed,STATE,RESET,0,24.6,
2022-08-31 16:29:56,1056,Upstairs Front Fixed,STATE,PRE-WARN,0,27.8,
2022-08-31 13:54:39,1056,Upstairs Front Fixed,STATE,RESET,0,27.8,
2022-08-31 08:31:21,1056,Upstairs Front Fixed,STATE,RESET,0,21.5,
2022-08-31 03:09:04,1056,Upstairs Front Fixed,STATE,RESET,0,19,
2022-08-30 21:46:39,1056,Upstairs Front Fixed,STATE,RESET,0,21.8,
2022-08-30 16:23:32,1056,Upstairs Front Fixed,STATE,RESET,0,27.8,
2022-08-30 10:59:53,1056,Upstairs Front Fixed,STATE,RESET,0,25.7,
2022-08-30 05:37:11,1056,Upstairs Front Fixed,STATE,RESET,0,20.1,
2022-08-30 00:14:52,1056,Upstairs Front Fixed,STATE,RESET,0,20.8,
2022-08-29 18:52:13,1056,Upstairs Front Fixed,STATE,RESET,0,23.2,
2022-08-29 13:28:55,1056,Upstairs Front Fixed,STATE,RESET,0,26.4,
2022-08-29 08:05:51,1056,Upstairs Front Fixed,STATE,RESET,0,20.4,
2022-08-29 02:43:30,1056,Upstairs Front Fixed,STATE,RESET,0,20.4,
2022-08-28 21:20:56,1056,Upstairs Front Fixed,STATE,RESET,0,22.2,
2022-08-28 10:34:08,1056,Upstairs Front Fixed,STATE,RESET,0,24.6,
2022-08-28 05:11:40,1056,Upstairs Front Fixed,STATE,RESET,0,18.7,
2022-08-27 23:49:23,1056,Upstairs Front Fixed,STATE,RESET,0,20.8,
2022-08-27 18:26:36,1056,Upstairs Front Fixed,STATE,RESET,0,25.7,
2022-08-27 13:03:03,1056,Upstairs Front Fixed,STATE,RESET,0,27.4,
2022-08-27 07:39:54,1056,Upstairs Front Fixed,STATE,RESET,0,21.1,
2022-08-27 02:17:18,1056,Upstairs Front Fixed,STATE,RESET,0,21.8,
2022-08-26 20:54:30,1056,Upstairs Front Fixed,STATE,RESET,0,23.2,
2022-08-26 15:31:04,1056,Upstairs Front Fixed,STATE,RESET,0,28.1,
2022-08-26 10:07:28,1056,Upstairs Front Fixed,STATE,RESET,0,23.9,
2022-08-26 04:45:08,1056,Upstairs Front Fixed,STATE,RESET,0,19,
2022-08-25 23:22:45,1056,Upstairs Front Fixed,STATE,RESET,0,21.8,
2022-08-25 17:59:51,1056,Upstairs Front Fixed,STATE,RESET,0,25.7,
2022-08-25 12:36:28,1056,Upstairs Front Fixed,STATE,RESET,0,26,
2022-08-25 07:13:20,1056,Upstairs Front Fixed,STATE,RESET,0,24.6,
2022-08-25 01:50:09,1056,Upstairs Front Fixed,STATE,RESET,0,25.3,
2022-08-24 20:26:49,1056,Upstairs Front Fixed,STATE,RESET,0,26.7,
2022-08-24 15:02:31,1056,Upstairs Front Fixed,STATE,RESET,0,31.6,
2022-08-24 09:38:19,1056,Upstairs Front Fixed,STATE,RESET,0,26,
2022-08-24 04:15:16,1056,Upstairs Front Fixed,STATE,RESET,0,22.9,
2022-08-23 22:52:19,1056,Upstairs Front Fixed,STATE,RESET,0,24.6,
2022-08-23 17:28:43,1056,Upstairs Front Fixed,STATE,RESET,0,29.2,
2022-08-23 12:04:44,1056,Upstairs Front Fixed,STATE,RESET,0,28.8,
2022-08-23 12:03:57,1056,Upstairs Front Fixed,STATE,PRE-WARN,0,27.8,
2022-08-23 11:11:29,1056,Upstairs Front Fixed,STATE,RESET,0,27.8,
2022-08-23 05:48:25,1056,Upstairs Front Fixed,STATE,RESET,0,22.5,
2022-08-23 00:25:34,1056,Upstairs Front Fixed,STATE,RESET,0,22.9,
2022-08-22 19:02:27,1056,Upstairs Front Fixed,STATE,RESET,0,26.7,
2022-08-22 13:38:36,1056,Upstairs Front Fixed,STATE,RESET,0,29.2,
2022-08-22 08:15:15,1056,Upstairs Front Fixed,STATE,RESET,0,21.1,
2022-08-22 02:52:57,1056,Upstairs Front Fixed,STATE,RESET,0,20.1,
2022-08-21 21:30:20,1056,Upstairs Front Fixed,STATE,RESET,0,22.9,
2022-08-21 16:06:55,1056,Upstairs Front Fixed,STATE,RESET,0,28.1,
2022-08-21 10:43:17,1056,Upstairs Front Fixed,STATE,RESET,0,25.7,
2022-08-21 05:20:30,1056,Upstairs Front Fixed,STATE,RESET,0,20.1,
2022-08-20 23:57:57,1056,Upstairs Front Fixed,STATE,RESET,0,22.2,
2022-08-20 18:34:43,1056,Upstairs Front Fixed,STATE,RESET,0,28.1,
2022-08-20 13:10:44,1056,Upstairs Front Fixed,STATE,RESET,0,28.1,
2022-08-20 07:47:32,1056,Upstairs Front Fixed,STATE,RESET,0,20.4,
2022-08-20 02:25:11,1056,Upstairs Front Fixed,STATE,RESET,0,20.1,
2022-08-19 21:02:32,1056,Upstairs Front Fixed,STATE,RESET,0,23.6,
2022-08-19 15:38:51,1056,Upstairs Front Fixed,STATE,RESET,0,28.8,
2022-08-19 10:14:51,1056,Upstairs Front Fixed,STATE,RESET,0,24.6,
2022-08-19 04:51:57,1056,Upstairs Front Fixed,STATE,RESET,0,21.8,
2022-08-18 23:29:07,1056,Upstairs Front Fixed,STATE,RESET,0,22.5,
2022-08-18 18:05:51,1056,Upstairs Front Fixed,STATE,RESET,0,27.1,
2022-08-18 12:42:23,1056,Upstairs Front Fixed,STATE,RESET,0,25,
2022-08-18 07:19:23,1056,Upstairs Front Fixed,STATE,RESET,0,21.5,
2022-08-18 01:56:48,1056,Upstairs Front Fixed,STATE,RESET,0,21.5,
2022-08-17 20:34:05,1056,Upstairs Front Fixed,STATE,RESET,0,22.5,
2022-08-17 15:10:57,1056,Upstairs Front Fixed,STATE,RESET,0,25.3,
2022-08-17 09:47:39,1056,Upstairs Front Fixed,STATE,RESET,0,25,
2022-08-17 04:24:40,1056,Upstairs Front Fixed,STATE,RESET,0,22.2,
2022-08-16 23:01:53,1056,Upstairs Front Fixed,STATE,RESET,0,22.9,
2022-08-16 17:38:39,1056,Upstairs Front Fixed,STATE,RESET,0,26.4,
2022-08-16 12:14:55,1056,Upstairs Front Fixed,STATE,RESET,0,28.8,
2022-08-16 11:23:46,1056,Upstairs Front Fixed,LEARNING,RESET,-,-,
2022-03-28 15:35:15,1056,Upstairs Front Fixed,STATE,PRE-WARN,36.4,25,
2022-03-28 15:35:02,1056,Upstairs Front Fixed,LEARNING,RESET,-,-,
2022-03-23 19:24:41,1056,Upstairs Front Fixed,STATE,PRE-WARN,36.4,25,
2022-03-23 19:24:37,1056,Upstairs Front Fixed,LEARNING,RESET,-,-,
2022-03-23 19:24:11,1056,Upstairs Front Fixed,STATE,PRE-WARN,39.1,21.1,
