Timestamp,Serial Number,Name,Mode,Alarm,rH,Temp
2023-05-15 01:48:39,1194,Upstairs Front Opening,STATE,RESET,0,17.3,
2023-05-14 09:30:23,1194,Upstairs Front Opening,STATE,RESET,0,16.6,
2023-05-13 11:50:34,1194,Upstairs Front Opening,STATE,RESET,0,16.2,
2023-04-18 09:39:21,1194,Upstairs Front Opening,STATE,RESET,0,14.1,
2023-04-17 22:50:07,1194,Upstairs Front Opening,STATE,RESET,0,13.8,
2023-04-15 16:35:20,1194,Upstairs Front Opening,STATE,RESET,0,20.4,
2023-04-13 15:49:19,1194,Upstairs Front Opening,STATE,RESET,0,17.3,
2023-04-13 10:23:46,1194,Upstairs Front Opening,STATE,RESET,0,14.1,
2023-04-12 18:09:58,1194,Upstairs Front Opening,STATE,RESET,0,15.9,
2023-04-10 22:49:00,1194,Upstairs Front Opening,STATE,RESET,0,12.7,
2023-04-09 03:26:38,1194,Upstairs Front Opening,STATE,RESET,0,12,
2023-04-08 11:11:41,1194,Upstairs Front Opening,STATE,RESET,0,15.5,
2023-04-08 05:47:25,1194,Upstairs Front Opening,STATE,RESET,0,11,
2023-04-06 15:53:44,1194,Upstairs Front Opening,STATE,RESET,0,17.3,
2023-04-02 08:56:44,1194,Upstairs Front Opening,STATE,RESET,0,9.9,
2023-03-31 02:50:46,1194,Upstairs Front Opening,STATE,RESET,0,15.2,
2023-03-30 21:25:44,1194,Upstairs Front Opening,STATE,RESET,0,15.9,
2023-03-30 16:00:00,1194,Upstairs Front Opening,STATE,RESET,0,20.4,
2023-03-29 12:53:39,1194,Upstairs Front Opening,STATE,RESET,0,15.5,
2023-02-27 07:31:16,1194,Upstairs Front Opening,STATE,RESET,0,4.7,
2023-02-27 02:08:00,1194,Upstairs Front Opening,STATE,RESET,0,3.6,
2023-02-26 20:44:38,1194,Upstairs Front Opening,STATE,RESET,0,5,
2023-02-26 15:20:50,1194,Upstairs Front Opening,STATE,RESET,0,9.6,
2023-02-26 09:56:43,1194,Upstairs Front Opening,STATE,RESET,0,8.2,
2023-02-26 04:33:07,1194,Upstairs Front Opening,STATE,RESET,0,5.7,
2023-02-25 23:09:34,1194,Upstairs Front Opening,STATE,RESET,0,5.4,
2023-02-25 17:45:55,1194,Upstairs Front Opening,STATE,RESET,0,7.5,
2023-02-25 12:21:49,1194,Upstairs Front Opening,STATE,RESET,0,10.6,
2023-02-25 06:57:55,1194,Upstairs Front Opening,STATE,RESET,0,6.8,
2023-02-25 01:34:12,1194,Upstairs Front Opening,STATE,RESET,0,7.1,
2023-02-24 20:10:28,1194,Upstairs Front Opening,STATE,RESET,0,8.2,
2023-02-24 14:46:21,1194,Upstairs Front Opening,STATE,RESET,0,12,
2023-02-24 09:21:57,1194,Upstairs Front Opening,STATE,RESET,0,9.9,
2023-02-24 03:57:53,1194,Upstairs Front Opening,STATE,RESET,0,9.9,
2023-02-23 22:33:26,1194,Upstairs Front Opening,STATE,RESET,0,9.9,
2023-02-23 17:09:11,1194,Upstairs Front Opening,STATE,RESET,0,9.9,
2023-02-23 11:44:50,1194,Upstairs Front Opening,STATE,RESET,0,11.3,
2023-02-23 06:20:36,1194,Upstairs Front Opening,STATE,RESET,0,10.3,
2023-02-23 00:56:32,1194,Upstairs Front Opening,STATE,RESET,0,9.2,
2023-02-22 19:32:17,1194,Upstairs Front Opening,STATE,RESET,0,11.7,
2023-02-07 05:53:32,1194,Upstairs Front Opening,STATE,RESET,0,7.1,
2023-02-07 00:29:27,1194,Upstairs Front Opening,STATE,RESET,0,8.5,
2023-02-06 19:05:03,1194,Upstairs Front Opening,STATE,RESET,0,10.6,
2023-02-06 13:40:27,1194,Upstairs Front Opening,STATE,RESET,0,13.8,
2023-02-06 08:15:43,1194,Upstairs Front Opening,STATE,RESET,0,8.9,
2023-02-06 02:51:35,1194,Upstairs Front Opening,STATE,RESET,0,8.5,
2023-02-05 21:27:41,1194,Upstairs Front Opening,STATE,RESET,0,7.1,
2023-02-05 16:03:29,1194,Upstairs Front Opening,STATE,RESET,0,10.3,
2023-02-05 10:39:09,1194,Upstairs Front Opening,STATE,RESET,0,9.6,
2023-02-05 05:15:19,1194,Upstairs Front Opening,STATE,RESET,0,7.5,
2023-02-04 23:51:10,1194,Upstairs Front Opening,STATE,RESET,0,9.9,
2023-02-04 18:26:44,1194,Upstairs Front Opening,STATE,RESET,0,10.6,
2023-02-04 13:02:14,1194,Upstairs Front Opening,STATE,RESET,0,12,
2023-02-04 07:37:48,1194,Upstairs Front Opening,STATE,RESET,0,10.6,
2023-02-04 02:13:26,1194,Upstairs Front Opening,STATE,RESET,0,10.6,
2023-02-03 20:48:57,1194,Upstairs Front Opening,STATE,RESET,0,11.7,
2023-02-03 15:24:18,1194,Upstairs Front Opening,STATE,RESET,0,13.8,
2023-02-03 09:59:43,1194,Upstairs Front Opening,STATE,RESET,0,11.7,
2023-02-03 04:35:13,1194,Upstairs Front Opening,STATE,RESET,0,9.9,
2023-02-02 23:10:49,1194,Upstairs Front Opening,STATE,RESET,0,11.7,
2023-02-02 17:46:14,1194,Upstairs Front Opening,STATE,RESET,0,12,
2023-02-02 12:21:26,1194,Upstairs Front Opening,STATE,RESET,0,13.8,
2023-02-02 06:57:02,1194,Upstairs Front Opening,STATE,RESET,0,8.9,
2023-02-02 01:32:49,1194,Upstairs Front Opening,STATE,RESET,0,9.9,
2023-02-01 20:08:36,1194,Upstairs Front Opening,STATE,RESET,0,10.6,
2023-02-01 14:44:10,1194,Upstairs Front Opening,STATE,RESET,0,12,
2023-02-01 09:19:45,1194,Upstairs Front Opening,STATE,RESET,0,9.2,
2023-02-01 03:55:43,1194,Upstairs Front Opening,STATE,RESET,0,8.5,
2023-01-31 22:31:27,1194,Upstairs Front Opening,STATE,RESET,0,11,
2023-01-31 17:07:02,1194,Upstairs Front Opening,STATE,RESET,0,11.3,
2023-01-31 11:42:29,1194,Upstairs Front Opening,STATE,RESET,0,12.4,
2023-01-31 06:18:23,1194,Upstairs Front Opening,STATE,RESET,0,9.2,
2023-01-31 00:54:14,1194,Upstairs Front Opening,STATE,RESET,0,7.8,
2023-01-30 19:30:17,1194,Upstairs Front Opening,STATE,RESET,0,8.5,
2023-01-30 14:06:12,1194,Upstairs Front Opening,STATE,RESET,0,10.6,
2023-01-30 08:42:07,1194,Upstairs Front Opening,STATE,RESET,0,6.8,
2023-01-30 03:18:22,1194,Upstairs Front Opening,STATE,RESET,0,7.5,
2023-01-29 21:54:28,1194,Upstairs Front Opening,STATE,RESET,0,7.5,
2023-01-28 18:54:17,1194,Upstairs Front Opening,STATE,RESET,0,8.5,
2023-01-28 13:30:14,1194,Upstairs Front Opening,STATE,RESET,0,9.2,
2023-01-28 08:06:10,1194,Upstairs Front Opening,STATE,RESET,0,7.8,
2023-01-28 02:42:15,1194,Upstairs Front Opening,STATE,RESET,0,7.1,
2023-01-27 21:18:21,1194,Upstairs Front Opening,STATE,RESET,0,7.8,
2023-01-27 15:54:32,1194,Upstairs Front Opening,STATE,RESET,0,8.9,
2023-01-27 10:30:24,1194,Upstairs Front Opening,STATE,RESET,0,8.9,
2023-01-27 05:06:33,1194,Upstairs Front Opening,STATE,RESET,0,7.5,
2023-01-26 23:42:45,1194,Upstairs Front Opening,STATE,RESET,0,7.8,
2023-01-26 18:18:52,1194,Upstairs Front Opening,STATE,RESET,0,9.2,
2023-01-26 12:54:42,1194,Upstairs Front Opening,STATE,RESET,0,11,
2023-01-26 07:30:34,1194,Upstairs Front Opening,STATE,RESET,0,8.5,
2023-01-26 02:06:44,1194,Upstairs Front Opening,STATE,RESET,0,8.2,
2023-01-25 20:42:43,1194,Upstairs Front Opening,STATE,RESET,0,8.5,
2023-01-25 15:18:22,1194,Upstairs Front Opening,STATE,RESET,0,12,
2023-01-25 09:53:43,1194,Upstairs Front Opening,STATE,RESET,0,11,
2023-01-25 04:29:23,1194,Upstairs Front Opening,STATE,RESET,0,11.7,
2023-01-24 23:04:56,1194,Upstairs Front Opening,STATE,RESET,0,10.3,
2023-01-24 17:40:28,1194,Upstairs Front Opening,STATE,RESET,0,10.3,
2023-01-24 12:15:55,1194,Upstairs Front Opening,STATE,RESET,0,10.6,
2023-01-24 06:51:41,1194,Upstairs Front Opening,STATE,RESET,0,9.2,
2023-01-24 01:27:16,1194,Upstairs Front Opening,STATE,RESET,0,10.3,
2023-01-23 20:03:19,1194,Upstairs Front Opening,STATE,RESET,0,7.5,
2023-01-23 14:39:48,1194,Upstairs Front Opening,STATE,RESET,0,4.3,
2023-01-23 09:16:33,1194,Upstairs Front Opening,STATE,RESET,0,2.2,
2023-01-23 03:53:28,1194,Upstairs Front Opening,STATE,RESET,0,2.2,
2023-01-22 22:30:23,1194,Upstairs Front Opening,STATE,RESET,0,2.6,
2023-01-22 17:07:04,1194,Upstairs Front Opening,STATE,RESET,0,5,
2023-01-22 11:43:26,1194,Upstairs Front Opening,STATE,RESET,0,6.1,
2023-01-22 06:20:22,1194,Upstairs Front Opening,STATE,RESET,0,1.2,
2023-01-21 19:33:47,1194,Upstairs Front Opening,STATE,RESET,0,4.7,
2023-01-21 14:10:00,1194,Upstairs Front Opening,STATE,RESET,0,7.8,
2023-01-21 08:46:20,1194,Upstairs Front Opening,STATE,RESET,0,1.9,
2023-01-21 03:23:17,1194,Upstairs Front Opening,STATE,RESET,0,2.6,
2023-01-20 21:59:54,1194,Upstairs Front Opening,STATE,RESET,0,4.3,
2023-01-20 16:36:28,1194,Upstairs Front Opening,STATE,RESET,0,5,
2023-01-20 11:12:51,1194,Upstairs Front Opening,STATE,RESET,0,6.1,
2023-01-20 05:49:42,1194,Upstairs Front Opening,STATE,RESET,0,1.9,
2023-01-20 00:26:37,1194,Upstairs Front Opening,STATE,RESET,0,2.9,
2023-01-19 19:03:23,1194,Upstairs Front Opening,STATE,RESET,0,3.3,
2023-01-19 13:39:58,1194,Upstairs Front Opening,STATE,RESET,0,6.4,
2023-01-19 08:16:26,1194,Upstairs Front Opening,STATE,RESET,0,2.2,
2023-01-19 02:53:25,1194,Upstairs Front Opening,STATE,RESET,0,1.5,
2023-01-18 21:30:21,1194,Upstairs Front Opening,STATE,RESET,0,2.6,
2023-01-18 10:43:37,1194,Upstairs Front Opening,STATE,RESET,0,5,
2023-01-18 05:20:31,1194,Upstairs Front Opening,STATE,RESET,0,1.9,
2023-01-17 23:57:31,1194,Upstairs Front Opening,STATE,RESET,0,1.9,
2023-01-17 18:34:23,1194,Upstairs Front Opening,STATE,RESET,0,3.6,
2023-01-17 13:10:55,1194,Upstairs Front Opening,STATE,RESET,0,5.7,
2023-01-17 07:47:32,1194,Upstairs Front Opening,STATE,RESET,0,2.9,
2023-01-17 02:24:12,1194,Upstairs Front Opening,STATE,RESET,0,3.6,
2023-01-16 21:00:59,1194,Upstairs Front Opening,STATE,RESET,0,2.6,
2023-01-16 15:37:37,1194,Upstairs Front Opening,STATE,RESET,0,5.7,
2023-01-16 10:13:55,1194,Upstairs Front Opening,STATE,RESET,0,5,
2023-01-16 04:50:18,1194,Upstairs Front Opening,STATE,RESET,0,6.1,
2023-01-15 23:26:33,1194,Upstairs Front Opening,STATE,RESET,0,6.8,
2023-01-15 18:02:34,1194,Upstairs Front Opening,STATE,RESET,0,8.5,
2023-01-15 12:38:20,1194,Upstairs Front Opening,STATE,RESET,0,8.9,
2023-01-15 07:14:12,1194,Upstairs Front Opening,STATE,RESET,0,6.8,
2023-01-15 01:50:19,1194,Upstairs Front Opening,STATE,RESET,0,7.8,
2023-01-14 20:26:19,1194,Upstairs Front Opening,STATE,RESET,0,8.5,
2023-01-14 15:02:09,1194,Upstairs Front Opening,STATE,RESET,0,11.3,
2023-01-14 09:37:42,1194,Upstairs Front Opening,STATE,RESET,0,9.9,
2023-01-14 04:13:27,1194,Upstairs Front Opening,STATE,RESET,0,9.6,
2023-01-13 22:49:19,1194,Upstairs Front Opening,STATE,RESET,0,8.9,
2023-01-13 17:25:08,1194,Upstairs Front Opening,STATE,RESET,0,9.6,
2023-01-13 12:00:47,1194,Upstairs Front Opening,STATE,RESET,0,11.3,
2023-01-13 06:36:33,1194,Upstairs Front Opening,STATE,RESET,0,9.2,
2023-01-13 01:12:19,1194,Upstairs Front Opening,STATE,RESET,0,9.6,
2023-01-12 19:48:00,1194,Upstairs Front Opening,STATE,RESET,0,10.6,
2023-01-12 14:23:21,1194,Upstairs Front Opening,STATE,RESET,0,12.7,
2023-01-12 08:58:40,1194,Upstairs Front Opening,STATE,RESET,0,11.7,
2023-01-12 03:34:06,1194,Upstairs Front Opening,STATE,RESET,0,11,
2023-01-11 22:09:37,1194,Upstairs Front Opening,STATE,RESET,0,10.3,
2023-01-11 16:45:14,1194,Upstairs Front Opening,STATE,RESET,0,10.3,
2023-01-11 11:20:35,1194,Upstairs Front Opening,STATE,RESET,0,12,
2023-01-11 00:31:58,1194,Upstairs Front Opening,STATE,RESET,0,11.3,
2023-01-10 19:07:25,1194,Upstairs Front Opening,STATE,RESET,0,11.3,
2023-01-10 13:43:00,1194,Upstairs Front Opening,STATE,RESET,0,9.9,
2023-01-10 08:18:47,1194,Upstairs Front Opening,STATE,RESET,0,8.5,
2023-01-10 02:54:42,1194,Upstairs Front Opening,STATE,RESET,0,8.2,
2023-01-09 21:30:36,1194,Upstairs Front Opening,STATE,RESET,0,8.5,
2023-01-09 16:06:36,1194,Upstairs Front Opening,STATE,RESET,0,9.2,
2023-01-09 10:42:20,1194,Upstairs Front Opening,STATE,RESET,0,9.2,
2023-01-09 05:18:29,1194,Upstairs Front Opening,STATE,RESET,0,7.1,
2023-01-08 23:54:30,1194,Upstairs Front Opening,STATE,RESET,0,8.5,
2023-01-08 18:30:20,1194,Upstairs Front Opening,STATE,RESET,0,9.2,
2023-01-08 13:05:53,1194,Upstairs Front Opening,STATE,RESET,0,12.4,
2023-01-08 07:41:25,1194,Upstairs Front Opening,STATE,RESET,0,9.2,
2023-01-08 02:17:12,1194,Upstairs Front Opening,STATE,RESET,0,9.2,
2023-01-07 20:53:01,1194,Upstairs Front Opening,STATE,RESET,0,9.6,
2023-01-07 15:28:37,1194,Upstairs Front Opening,STATE,RESET,0,11,
2023-01-07 10:04:08,1194,Upstairs Front Opening,STATE,RESET,0,11.7,
2023-01-07 04:39:35,1194,Upstairs Front Opening,STATE,RESET,0,11.7,
2023-01-06 23:14:59,1194,Upstairs Front Opening,STATE,RESET,0,11.7,
2023-01-06 17:50:25,1194,Upstairs Front Opening,STATE,RESET,0,11,
2023-01-06 12:25:45,1194,Upstairs Front Opening,STATE,RESET,0,12.4,
2023-01-06 07:01:16,1194,Upstairs Front Opening,STATE,RESET,0,9.9,
2023-01-06 01:36:54,1194,Upstairs Front Opening,STATE,RESET,0,11.3,
2023-01-05 20:12:20,1194,Upstairs Front Opening,STATE,RESET,0,11,
2023-01-05 14:47:43,1194,Upstairs Front Opening,STATE,RESET,0,13.1,
2023-01-05 09:23:02,1194,Upstairs Front Opening,STATE,RESET,0,11,
2023-01-05 03:58:36,1194,Upstairs Front Opening,STATE,RESET,0,10.6,
2023-01-04 22:34:08,1194,Upstairs Front Opening,STATE,RESET,0,11,
2023-01-04 17:09:34,1194,Upstairs Front Opening,STATE,RESET,0,12,
2023-01-04 11:44:48,1194,Upstairs Front Opening,STATE,RESET,0,13.8,
2023-01-04 06:20:04,1194,Upstairs Front Opening,STATE,RESET,0,12,
2023-01-04 00:55:25,1194,Upstairs Front Opening,STATE,RESET,0,11.7,
2023-01-03 19:30:55,1194,Upstairs Front Opening,STATE,RESET,0,10.6,
2023-01-03 14:06:26,1194,Upstairs Front Opening,STATE,RESET,0,10.6,
2023-01-03 08:42:04,1194,Upstairs Front Opening,STATE,RESET,0,9.2,
2023-01-03 03:17:54,1194,Upstairs Front Opening,STATE,RESET,0,7.8,
2023-01-02 21:53:49,1194,Upstairs Front Opening,STATE,RESET,0,8.5,
2023-01-02 16:29:35,1194,Upstairs Front Opening,STATE,RESET,0,8.9,
2023-01-02 11:05:19,1194,Upstairs Front Opening,STATE,RESET,0,10.6,
2023-01-02 05:41:01,1194,Upstairs Front Opening,STATE,RESET,0,9.6,
2023-01-02 00:16:40,1194,Upstairs Front Opening,STATE,RESET,0,9.2,
2023-01-01 18:52:11,1194,Upstairs Front Opening,STATE,RESET,0,11.3,
2023-01-01 13:27:31,1194,Upstairs Front Opening,STATE,RESET,0,12.7,
2023-01-01 08:02:52,1194,Upstairs Front Opening,STATE,RESET,0,10.6,
2023-01-01 02:38:21,1194,Upstairs Front Opening,STATE,RESET,0,11.3,
2022-12-31 21:13:40,1194,Upstairs Front Opening,STATE,RESET,0,12.4,
2022-12-31 15:49:00,1194,Upstairs Front Opening,STATE,RESET,0,11.7,
2022-12-31 10:24:21,1194,Upstairs Front Opening,STATE,RESET,0,12.4,
2022-12-31 04:59:47,1194,Upstairs Front Opening,STATE,RESET,0,10.3,
2022-12-30 23:35:22,1194,Upstairs Front Opening,STATE,RESET,0,10.3,
2022-12-30 18:10:59,1194,Upstairs Front Opening,STATE,RESET,0,11,
2022-12-30 12:46:31,1194,Upstairs Front Opening,STATE,RESET,0,9.2,
2022-12-30 07:22:21,1194,Upstairs Front Opening,STATE,RESET,0,8.9,
2022-12-30 01:58:18,1194,Upstairs Front Opening,STATE,RESET,0,7.8,
2022-12-29 20:34:14,1194,Upstairs Front Opening,STATE,RESET,0,8.9,
2022-12-29 15:10:08,1194,Upstairs Front Opening,STATE,RESET,0,10.3,
2022-12-29 15:09:57,1194,Upstairs Front Opening,STATE,RESET,0,10.3,
2022-12-29 09:45:26,1194,Upstairs Front Opening,STATE,RESET,0,9.9,
2022-12-29 04:21:09,1194,Upstairs Front Opening,STATE,RESET,0,9.6,
2022-12-28 22:56:54,1194,Upstairs Front Opening,STATE,RESET,0,9.9,
2022-12-28 17:32:28,1194,Upstairs Front Opening,STATE,RESET,0,10.3,
2022-12-28 12:08:05,1194,Upstairs Front Opening,STATE,RESET,0,10.3,
2022-12-28 06:43:42,1194,Upstairs Front Opening,STATE,RESET,0,9.6,
2022-12-28 01:19:27,1194,Upstairs Front Opening,STATE,RESET,0,9.2,
2022-12-27 19:55:10,1194,Upstairs Front Opening,STATE,RESET,0,9.2,
2022-12-27 14:30:53,1194,Upstairs Front Opening,STATE,RESET,0,9.9,
2022-12-27 09:06:37,1194,Upstairs Front Opening,STATE,RESET,0,7.5,
2022-12-27 03:42:39,1194,Upstairs Front Opening,STATE,RESET,0,7.5,
2022-12-26 22:18:39,1194,Upstairs Front Opening,STATE,RESET,0,8.5,
2022-12-26 16:54:27,1194,Upstairs Front Opening,STATE,RESET,0,9.6,
2022-12-26 11:30:09,1194,Upstairs Front Opening,STATE,RESET,0,9.6,
2022-12-26 06:06:18,1194,Upstairs Front Opening,STATE,RESET,0,7.8,
2022-12-26 00:42:05,1194,Upstairs Front Opening,STATE,RESET,0,9.2,
2022-12-25 19:17:46,1194,Upstairs Front Opening,STATE,RESET,0,9.6,
2022-12-25 13:53:26,1194,Upstairs Front Opening,STATE,RESET,0,10.6,
2022-12-25 08:29:04,1194,Upstairs Front Opening,STATE,RESET,0,9.6,
2022-12-25 03:04:47,1194,Upstairs Front Opening,STATE,RESET,0,9.6,
2022-12-24 21:40:28,1194,Upstairs Front Opening,STATE,RESET,0,8.9,
2022-12-24 16:16:15,1194,Upstairs Front Opening,STATE,RESET,0,9.2,
2022-12-24 10:51:58,1194,Upstairs Front Opening,STATE,RESET,0,9.2,
2022-12-24 05:27:50,1194,Upstairs Front Opening,STATE,RESET,0,8.5,
2022-12-24 00:03:32,1194,Upstairs Front Opening,STATE,RESET,0,9.2,
2022-12-23 18:39:16,1194,Upstairs Front Opening,STATE,RESET,0,10.3,
2022-12-23 13:14:53,1194,Upstairs Front Opening,STATE,RESET,0,10.3,
2022-12-23 07:50:43,1194,Upstairs Front Opening,STATE,RESET,0,8.9,
2022-12-23 02:26:34,1194,Upstairs Front Opening,STATE,RESET,0,8.5,
2022-12-22 21:02:17,1194,Upstairs Front Opening,STATE,RESET,0,10.3,
2022-12-22 15:37:55,1194,Upstairs Front Opening,STATE,RESET,0,9.9,
2022-12-22 10:13:35,1194,Upstairs Front Opening,STATE,RESET,0,9.6,
2022-12-22 04:49:22,1194,Upstairs Front Opening,STATE,RESET,0,8.2,
2022-12-21 23:25:16,1194,Upstairs Front Opening,STATE,RESET,0,8.9,
2022-12-21 18:01:01,1194,Upstairs Front Opening,STATE,RESET,0,9.6,
2022-12-21 12:36:39,1194,Upstairs Front Opening,STATE,RESET,0,11,
2022-12-21 07:12:23,1194,Upstairs Front Opening,STATE,RESET,0,8.5,
2022-12-21 01:48:14,1194,Upstairs Front Opening,STATE,RESET,0,8.5,
2022-12-20 20:24:06,1194,Upstairs Front Opening,STATE,RESET,0,8.9,
2022-12-20 14:59:48,1194,Upstairs Front Opening,STATE,RESET,0,10.6,
2022-12-20 09:35:21,1194,Upstairs Front Opening,STATE,RESET,0,10.3,
2022-12-20 04:10:58,1194,Upstairs Front Opening,STATE,RESET,0,10.3,
2022-12-19 22:46:36,1194,Upstairs Front Opening,STATE,RESET,0,10.6,
2022-12-19 17:22:18,1194,Upstairs Front Opening,STATE,RESET,0,9.9,
2022-12-19 11:57:59,1194,Upstairs Front Opening,STATE,RESET,0,9.9,
2022-12-19 06:33:57,1194,Upstairs Front Opening,STATE,RESET,0,8.2,
2022-12-19 01:10:09,1194,Upstairs Front Opening,STATE,RESET,0,5.7,
2022-12-18 19:46:40,1194,Upstairs Front Opening,STATE,RESET,0,4.3,
2022-12-18 14:23:16,1194,Upstairs Front Opening,STATE,RESET,0,3.6,
2022-12-18 08:59:54,1194,Upstairs Front Opening,STATE,RESET,0,2.9,
2022-12-18 03:36:41,1194,Upstairs Front Opening,STATE,RESET,0,2.2,
2022-12-17 22:13:29,1194,Upstairs Front Opening,STATE,RESET,0,2.6,
2022-12-17 16:50:14,1194,Upstairs Front Opening,STATE,RESET,0,3.3,
2022-12-17 11:26:42,1194,Upstairs Front Opening,STATE,RESET,0,4.7,
2022-12-17 06:03:33,1194,Upstairs Front Opening,STATE,RESET,0,0.5,
2022-12-17 00:40:33,1194,Upstairs Front Opening,STATE,RESET,0,0.8,
2022-12-16 19:17:27,1194,Upstairs Front Opening,STATE,RESET,0,1.5,
2022-12-16 13:54:11,1194,Upstairs Front Opening,STATE,RESET,0,3.6,
2022-12-16 08:31:15,1194,Upstairs Front Opening,STATE,RESET,0,654.4,
2022-12-16 03:08:19,1194,Upstairs Front Opening,STATE,RESET,0,655.1,
2022-12-15 21:45:30,1194,Upstairs Front Opening,STATE,RESET,0,0.8,
2022-12-15 16:22:32,1194,Upstairs Front Opening,STATE,RESET,0,0.5,
2022-12-15 10:59:26,1194,Upstairs Front Opening,STATE,RESET,0,1.2,
2022-12-15 05:36:41,1194,Upstairs Front Opening,STATE,RESET,0,653.7,
2022-12-15 00:13:44,1194,Upstairs Front Opening,STATE,RESET,0,0.5,
2022-12-14 18:50:48,1194,Upstairs Front Opening,STATE,RESET,0,1.2,
2022-12-14 13:27:33,1194,Upstairs Front Opening,STATE,RESET,0,3.6,
2022-12-14 08:04:22,1194,Upstairs Front Opening,STATE,RESET,0,0.1,
2022-12-14 02:41:28,1194,Upstairs Front Opening,STATE,RESET,0,1.2,
2022-12-13 21:18:22,1194,Upstairs Front Opening,STATE,RESET,0,1.9,
2022-12-13 15:55:14,1194,Upstairs Front Opening,STATE,RESET,0,2.2,
2022-12-13 10:31:57,1194,Upstairs Front Opening,STATE,RESET,0,2.9,
2022-12-13 05:08:47,1194,Upstairs Front Opening,STATE,RESET,0,1.9,
2022-12-12 23:45:38,1194,Upstairs Front Opening,STATE,RESET,0,1.9,
2022-12-12 18:22:22,1194,Upstairs Front Opening,STATE,RESET,0,3.6,
2022-12-12 12:58:50,1194,Upstairs Front Opening,STATE,RESET,0,5.4,
2022-12-12 07:35:18,1194,Upstairs Front Opening,STATE,RESET,0,2.9,
2022-12-12 02:12:03,1194,Upstairs Front Opening,STATE,RESET,0,3.3,
2022-12-11 20:48:45,1194,Upstairs Front Opening,STATE,RESET,0,2.2,
2022-12-11 15:25:35,1194,Upstairs Front Opening,STATE,RESET,0,3.3,
2022-12-11 10:02:20,1194,Upstairs Front Opening,STATE,RESET,0,1.5,
2022-12-11 04:39:23,1194,Upstairs Front Opening,STATE,RESET,0,1.2,
2022-12-10 23:16:18,1194,Upstairs Front Opening,STATE,RESET,0,2.2,
2022-12-10 17:53:04,1194,Upstairs Front Opening,STATE,RESET,0,3.3,
2022-12-10 12:29:35,1194,Upstairs Front Opening,STATE,RESET,0,5.7,
2022-12-10 07:06:17,1194,Upstairs Front Opening,STATE,RESET,0,1.9,
2022-12-10 01:43:07,1194,Upstairs Front Opening,STATE,RESET,0,2.6,
2022-12-09 20:19:47,1194,Upstairs Front Opening,STATE,RESET,0,3.6,
2022-12-09 14:56:24,1194,Upstairs Front Opening,STATE,RESET,0,4.3,
2022-12-09 09:33:01,1194,Upstairs Front Opening,STATE,RESET,0,2.9,
2022-12-09 04:09:58,1194,Upstairs Front Opening,STATE,RESET,0,1.5,
2022-12-08 22:46:59,1194,Upstairs Front Opening,STATE,RESET,0,1.9,
2022-12-08 17:23:54,1194,Upstairs Front Opening,STATE,RESET,0,2.9,
2022-12-08 12:00:34,1194,Upstairs Front Opening,STATE,RESET,0,5,
2022-12-08 06:37:21,1194,Upstairs Front Opening,STATE,RESET,0,1.9,
2022-12-08 01:14:11,1194,Upstairs Front Opening,STATE,RESET,0,2.9,
2022-12-07 19:50:57,1194,Upstairs Front Opening,STATE,RESET,0,3.6,
2022-12-07 14:27:25,1194,Upstairs Front Opening,STATE,RESET,0,6.4,
2022-12-07 09:03:52,1194,Upstairs Front Opening,STATE,RESET,0,4.7,
2022-12-07 03:40:29,1194,Upstairs Front Opening,STATE,RESET,0,4.7,
2022-12-06 22:16:59,1194,Upstairs Front Opening,STATE,RESET,0,5.4,
2022-12-06 16:53:26,1194,Upstairs Front Opening,STATE,RESET,0,6.1,
2022-12-06 11:29:39,1194,Upstairs Front Opening,STATE,RESET,0,8.2,
2022-12-06 06:06:06,1194,Upstairs Front Opening,STATE,RESET,0,5,
2022-12-06 00:42:31,1194,Upstairs Front Opening,STATE,RESET,0,5.4,
2022-12-05 19:18:53,1194,Upstairs Front Opening,STATE,RESET,0,6.1,
2022-12-05 13:55:05,1194,Upstairs Front Opening,STATE,RESET,0,8.5,
2022-12-03 13:21:04,1194,Upstairs Front Opening,STATE,RESET,0,8.2,
2022-12-03 07:57:05,1194,Upstairs Front Opening,STATE,RESET,0,7.8,
2022-12-03 02:33:13,1194,Upstairs Front Opening,STATE,RESET,0,6.8,
2022-12-02 21:09:21,1194,Upstairs Front Opening,STATE,RESET,0,7.5,
2022-12-02 15:45:27,1194,Upstairs Front Opening,STATE,RESET,0,7.8,
2022-12-02 10:21:20,1194,Upstairs Front Opening,STATE,RESET,0,8.5,
2022-12-02 04:57:28,1194,Upstairs Front Opening,STATE,RESET,0,6.8,
2022-12-01 23:33:41,1194,Upstairs Front Opening,STATE,RESET,0,7.8,
2022-12-01 18:09:40,1194,Upstairs Front Opening,STATE,RESET,0,8.9,
2022-12-01 12:45:27,1194,Upstairs Front Opening,STATE,RESET,0,9.6,
2022-12-01 07:21:30,1194,Upstairs Front Opening,STATE,RESET,0,7.1,
2022-12-01 01:57:41,1194,Upstairs Front Opening,STATE,RESET,0,7.1,
2022-11-30 20:33:46,1194,Upstairs Front Opening,STATE,RESET,0,8.9,
2022-11-30 15:09:28,1194,Upstairs Front Opening,STATE,RESET,0,9.9,
2022-11-30 09:45:47,1194,Upstairs Front Opening,STATE,RESET,0,8.9,
2022-11-29 12:29:59,1194,Upstairs Front Opening,STATE,PRE-WARN,0,11.3,
2022-11-29 10:43:34,1194,Upstairs Front Opening,STATE,RESET,0,11.3,
2022-11-29 10:14:04,1194,Upstairs Front Opening,STATE,PRE-WARN,0,8.5,
2022-11-29 05:19:17,1194,Upstairs Front Opening,STATE,RESET,0,8.5,
2022-11-28 23:55:11,1194,Upstairs Front Opening,STATE,RESET,0,8.9,
2022-11-28 19:26:02,1194,Upstairs Front Opening,STATE,RESET,0,12.4,
2022-11-28 18:30:40,1194,Upstairs Front Opening,STATE,RESET,0,12.4,
2022-11-28 13:05:54,1194,Upstairs Front Opening,STATE,RESET,0,13.1,
2022-11-28 07:41:22,1194,Upstairs Front Opening,STATE,RESET,0,10.6,
2022-11-28 02:16:52,1194,Upstairs Front Opening,STATE,RESET,0,11.3,
2022-11-27 20:52:14,1194,Upstairs Front Opening,STATE,RESET,0,12,
2022-11-27 15:27:27,1194,Upstairs Front Opening,STATE,RESET,0,12.7,
2022-11-27 10:02:40,1194,Upstairs Front Opening,STATE,RESET,0,12,
2022-11-27 04:38:07,1194,Upstairs Front Opening,STATE,RESET,0,11.3,
2022-11-26 23:13:31,1194,Upstairs Front Opening,STATE,RESET,0,12,
2022-11-26 17:48:51,1194,Upstairs Front Opening,STATE,RESET,0,12,
2022-11-26 12:24:03,1194,Upstairs Front Opening,STATE,RESET,0,13.1,
2022-11-26 06:59:30,1194,Upstairs Front Opening,STATE,RESET,0,10.3,
2022-11-26 01:35:00,1194,Upstairs Front Opening,STATE,RESET,0,10.3,
2022-11-25 20:10:26,1194,Upstairs Front Opening,STATE,RESET,0,11,
2022-11-25 14:45:44,1194,Upstairs Front Opening,STATE,RESET,0,12.4,
2022-11-25 09:21:03,1194,Upstairs Front Opening,STATE,RESET,0,10.6,
2022-11-25 03:56:40,1194,Upstairs Front Opening,STATE,RESET,0,10.3,
2022-11-24 22:32:14,1194,Upstairs Front Opening,STATE,RESET,0,10.6,
2022-11-24 17:07:41,1194,Upstairs Front Opening,STATE,RESET,0,12,
2022-11-24 11:42:56,1194,Upstairs Front Opening,STATE,RESET,0,13.1,
2022-11-24 06:18:36,1194,Upstairs Front Opening,STATE,RESET,0,8.9,
2022-11-24 00:54:19,1194,Upstairs Front Opening,STATE,RESET,0,9.6,
2022-11-23 19:30:00,1194,Upstairs Front Opening,STATE,RESET,0,9.6,
2022-11-23 14:05:35,1194,Upstairs Front Opening,STATE,RESET,0,11.7,
2022-11-23 08:41:08,1194,Upstairs Front Opening,STATE,RESET,0,10.6,
2022-11-23 03:16:57,1194,Upstairs Front Opening,STATE,RESET,0,8.9,
2022-11-22 21:52:40,1194,Upstairs Front Opening,STATE,RESET,0,10.3,
2022-11-22 16:28:24,1194,Upstairs Front Opening,STATE,RESET,0,10.6,
2022-11-22 11:03:53,1194,Upstairs Front Opening,STATE,RESET,0,12.7,
2022-11-22 05:39:39,1194,Upstairs Front Opening,STATE,RESET,0,8.9,
2022-11-22 00:15:33,1194,Upstairs Front Opening,STATE,RESET,0,9.2,
2022-11-21 18:51:21,1194,Upstairs Front Opening,STATE,RESET,0,10.3,
2022-11-21 13:27:02,1194,Upstairs Front Opening,STATE,RESET,0,11,
2022-11-15 11:25:33,1194,Upstairs Front Opening,STATE,RESET,0,14.5,
2022-11-15 11:25:05,1194,Upstairs Front Opening,STATE,PRE-WARN,0,14.5,
2022-11-15 11:24:46,1194,Upstairs Front Opening,STATE,PRE-WARN,0,14.5,
2022-11-15 11:23:34,1194,Upstairs Front Opening,STATE,PRE-WARN,0,14.1,
2022-11-15 07:27:07,1194,Upstairs Front Opening,STATE,RESET,0,14.1,
2022-11-15 02:02:09,1194,Upstairs Front Opening,STATE,RESET,0,14.5,
2022-11-14 20:37:00,1194,Upstairs Front Opening,STATE,RESET,0,15.2,
2022-11-14 15:11:49,1194,Upstairs Front Opening,STATE,RESET,0,15.9,
2022-11-14 09:46:23,1194,Upstairs Front Opening,STATE,RESET,0,15.5,
2022-11-14 04:21:40,1194,Upstairs Front Opening,STATE,RESET,0,13.1,
2022-11-13 22:56:52,1194,Upstairs Front Opening,STATE,RESET,0,13.8,
2022-11-13 17:31:50,1194,Upstairs Front Opening,STATE,RESET,0,15.2,
2022-11-13 12:06:33,1194,Upstairs Front Opening,STATE,RESET,0,16.6,
2022-11-13 06:41:26,1194,Upstairs Front Opening,STATE,RESET,0,14.5,
2022-11-13 01:16:30,1194,Upstairs Front Opening,STATE,RESET,0,15.2,
2022-11-12 19:51:06,1194,Upstairs Front Opening,STATE,RESET,0,15.2,
2022-11-12 14:25:46,1194,Upstairs Front Opening,STATE,RESET,0,17.6,
2022-11-12 09:00:17,1194,Upstairs Front Opening,STATE,RESET,0,15.2,
2022-11-12 03:35:11,1194,Upstairs Front Opening,STATE,RESET,0,13.8,
2022-11-11 22:10:03,1194,Upstairs Front Opening,STATE,RESET,0,14.5,
2022-11-11 16:44:53,1194,Upstairs Front Opening,STATE,RESET,0,15.5,
2022-11-11 11:19:25,1194,Upstairs Front Opening,STATE,RESET,0,16.6,
2022-11-11 05:54:18,1194,Upstairs Front Opening,STATE,RESET,0,14.5,
2022-11-11 00:29:10,1194,Upstairs Front Opening,STATE,RESET,0,14.8,
2022-11-10 19:04:05,1194,Upstairs Front Opening,STATE,RESET,0,15.2,
2022-11-09 21:23:43,1194,Upstairs Front Opening,STATE,RESET,0,14.5,
2022-11-09 15:58:31,1194,Upstairs Front Opening,STATE,RESET,0,16.2,
2022-11-09 10:33:00,1194,Upstairs Front Opening,STATE,RESET,0,16.2,
2022-11-09 05:08:02,1194,Upstairs Front Opening,STATE,RESET,0,14.5,
2022-11-09 05:07:51,1194,Upstairs Front Opening,STATE,RESET,0,14.5,
2022-11-08 23:42:46,1194,Upstairs Front Opening,STATE,RESET,0,15.2,
2022-11-08 18:17:34,1194,Upstairs Front Opening,STATE,RESET,0,15.5,
2022-11-08 12:52:06,1194,Upstairs Front Opening,STATE,RESET,0,18,
2022-11-08 07:26:45,1194,Upstairs Front Opening,STATE,RESET,0,14.5,
2022-11-08 02:01:42,1194,Upstairs Front Opening,STATE,RESET,0,14.8,
2022-11-07 20:36:38,1194,Upstairs Front Opening,STATE,RESET,0,14.8,
2022-11-07 15:11:34,1194,Upstairs Front Opening,STATE,RESET,0,14.8,
2022-11-07 09:46:30,1194,Upstairs Front Opening,STATE,RESET,0,14.5,
2022-11-07 04:21:37,1194,Upstairs Front Opening,STATE,RESET,0,12.7,
2022-11-06 22:56:49,1194,Upstairs Front Opening,STATE,RESET,0,12.7,
2022-11-06 17:32:02,1194,Upstairs Front Opening,STATE,RESET,0,13.4,
2022-11-06 12:07:04,1194,Upstairs Front Opening,STATE,RESET,0,14.5,
2022-11-06 06:42:03,1194,Upstairs Front Opening,STATE,RESET,0,14.1,
2022-11-06 01:17:04,1194,Upstairs Front Opening,STATE,RESET,0,14.1,
2022-11-05 19:52:06,1194,Upstairs Front Opening,STATE,RESET,0,13.8,
2022-11-05 14:27:05,1194,Upstairs Front Opening,STATE,RESET,0,14.5,
2022-11-05 09:02:06,1194,Upstairs Front Opening,STATE,RESET,0,13.1,
2022-11-05 03:37:17,1194,Upstairs Front Opening,STATE,RESET,0,12,
2022-11-04 22:12:32,1194,Upstairs Front Opening,STATE,RESET,0,12.7,
2022-11-04 16:47:40,1194,Upstairs Front Opening,STATE,RESET,0,13.8,
2022-11-04 11:22:47,1194,Upstairs Front Opening,STATE,RESET,0,14.5,
2022-11-04 05:58:19,1194,Upstairs Front Opening,STATE,RESET,0,9.9,
2022-11-04 00:33:57,1194,Upstairs Front Opening,STATE,RESET,0,11.7,
2022-11-03 19:08:58,1194,Upstairs Front Opening,STATE,RESET,0,14.5,
2022-11-03 13:43:56,1194,Upstairs Front Opening,STATE,RESET,0,13.8,
2022-11-03 08:18:58,1194,Upstairs Front Opening,STATE,RESET,0,16.2,
2022-11-03 02:53:32,1194,Upstairs Front Opening,STATE,RESET,0,16.2,
2022-11-02 21:28:07,1194,Upstairs Front Opening,STATE,RESET,0,16.9,
2022-11-02 16:02:33,1194,Upstairs Front Opening,STATE,RESET,0,18,
2022-11-02 10:36:43,1194,Upstairs Front Opening,STATE,RESET,0,19,
2022-11-02 05:11:28,1194,Upstairs Front Opening,STATE,RESET,0,14.8,
2022-11-01 23:46:21,1194,Upstairs Front Opening,STATE,RESET,0,15.5,
2022-11-01 18:21:00,1194,Upstairs Front Opening,STATE,RESET,0,16.9,
2022-11-01 12:55:20,1194,Upstairs Front Opening,STATE,RESET,0,20.1,
2022-11-01 07:29:37,1194,Upstairs Front Opening,STATE,RESET,0,16.6,
2022-11-01 02:04:08,1194,Upstairs Front Opening,STATE,RESET,0,17.3,
2022-10-31 20:38:24,1194,Upstairs Front Opening,STATE,RESET,0,19,
2022-10-31 15:12:31,1194,Upstairs Front Opening,STATE,RESET,0,20.4,
2022-10-31 09:46:23,1194,Upstairs Front Opening,STATE,RESET,0,19.7,
2022-10-31 04:20:50,1194,Upstairs Front Opening,STATE,RESET,0,16.9,
2022-10-30 22:55:23,1194,Upstairs Front Opening,STATE,RESET,0,16.9,
2022-10-30 17:29:43,1194,Upstairs Front Opening,STATE,RESET,0,18,
2022-10-30 12:03:56,1194,Upstairs Front Opening,STATE,RESET,0,18.7,
2022-10-30 06:38:05,1194,Upstairs Front Opening,STATE,RESET,0,18.7,
2022-10-30 01:12:18,1194,Upstairs Front Opening,STATE,RESET,0,19,
2022-10-29 20:46:24,1194,Upstairs Front Opening,STATE,RESET,0,19.7,
2022-10-29 15:20:16,1194,Upstairs Front Opening,STATE,RESET,0,22.5,
2022-10-29 09:54:08,1194,Upstairs Front Opening,STATE,RESET,0,19.4,
2022-10-29 04:28:17,1194,Upstairs Front Opening,STATE,RESET,0,18,
2022-10-28 23:02:30,1194,Upstairs Front Opening,STATE,RESET,0,19,
2022-10-28 17:36:45,1194,Upstairs Front Opening,STATE,RESET,0,20.8,
2022-10-28 12:10:11,1194,Upstairs Front Opening,STATE,RESET,0,21.8,
2022-10-28 06:44:06,1194,Upstairs Front Opening,STATE,RESET,0,19.4,
2022-10-28 01:18:09,1194,Upstairs Front Opening,STATE,RESET,0,19.7,
2022-10-27 19:51:58,1194,Upstairs Front Opening,STATE,RESET,0,21.1,
2022-10-27 14:25:30,1194,Upstairs Front Opening,STATE,RESET,0,23.9,
2022-10-27 08:59:15,1194,Upstairs Front Opening,STATE,RESET,0,19.7,
2022-10-27 03:33:15,1194,Upstairs Front Opening,STATE,RESET,0,20.1,
2022-10-26 22:07:10,1194,Upstairs Front Opening,STATE,RESET,0,20.1,
2022-10-26 16:41:02,1194,Upstairs Front Opening,STATE,RESET,0,22.9,
2022-10-26 11:14:30,1194,Upstairs Front Opening,STATE,RESET,0,22.5,
2022-10-26 05:48:24,1194,Upstairs Front Opening,STATE,RESET,0,19,
2022-10-26 00:22:28,1194,Upstairs Front Opening,STATE,RESET,0,19.4,
2022-10-25 18:56:33,1194,Upstairs Front Opening,STATE,RESET,0,20.4,
2022-10-25 13:30:14,1194,Upstairs Front Opening,STATE,RESET,0,23.2,
2022-10-25 08:04:11,1194,Upstairs Front Opening,STATE,RESET,0,17.3,
2022-10-25 02:38:36,1194,Upstairs Front Opening,STATE,RESET,0,18,
2022-10-24 21:12:47,1194,Upstairs Front Opening,STATE,RESET,0,19,
2022-10-24 15:46:53,1194,Upstairs Front Opening,STATE,RESET,0,21.8,
2022-10-24 10:20:24,1194,Upstairs Front Opening,STATE,RESET,0,18.7,
2022-10-24 04:54:47,1194,Upstairs Front Opening,STATE,RESET,0,17.6,
2022-10-23 23:29:07,1194,Upstairs Front Opening,STATE,RESET,0,18.3,
2022-10-23 18:03:22,1194,Upstairs Front Opening,STATE,RESET,0,19,
2022-10-23 12:37:20,1194,Upstairs Front Opening,STATE,RESET,0,19.4,
2022-10-23 07:11:27,1194,Upstairs Front Opening,STATE,RESET,0,19,
2022-10-23 01:45:36,1194,Upstairs Front Opening,STATE,RESET,0,19,
2022-10-22 20:19:39,1194,Upstairs Front Opening,STATE,RESET,0,19.7,
2022-10-22 14:53:26,1194,Upstairs Front Opening,STATE,RESET,0,22.5,
2022-10-22 09:27:13,1194,Upstairs Front Opening,STATE,RESET,0,19,
2022-10-22 04:01:31,1194,Upstairs Front Opening,STATE,RESET,0,18,
2022-10-21 22:35:44,1194,Upstairs Front Opening,STATE,RESET,0,18.3,
2022-10-21 17:09:49,1194,Upstairs Front Opening,STATE,RESET,0,19.7,
2022-10-21 11:43:37,1194,Upstairs Front Opening,STATE,RESET,0,20.4,
2022-10-21 06:17:59,1194,Upstairs Front Opening,STATE,RESET,0,16.2,
2022-10-21 00:52:25,1194,Upstairs Front Opening,STATE,RESET,0,16.6,
2022-10-20 19:26:49,1194,Upstairs Front Opening,STATE,RESET,0,18,
2022-10-20 14:00:54,1194,Upstairs Front Opening,STATE,RESET,0,20.4,
2022-10-20 08:35:07,1194,Upstairs Front Opening,STATE,RESET,0,18.3,
2022-10-20 03:09:23,1194,Upstairs Front Opening,STATE,RESET,0,18.3,
2022-10-19 21:43:42,1194,Upstairs Front Opening,STATE,RESET,0,18.3,
2022-10-19 16:17:50,1194,Upstairs Front Opening,STATE,RESET,0,20.1,
2022-10-19 10:51:51,1194,Upstairs Front Opening,STATE,RESET,0,19.4,
2022-10-19 00:00:43,1194,Upstairs Front Opening,STATE,RESET,0,16.6,
2022-10-18 18:35:10,1194,Upstairs Front Opening,STATE,RESET,0,19,
2022-09-10 13:09:15,1194,Upstairs Front Opening,STATE,RESET,0,23.6,
2022-09-10 07:43:06,1194,Upstairs Front Opening,STATE,RESET,0,18.3,
2022-09-10 02:17:36,1194,Upstairs Front Opening,STATE,RESET,0,18,
2022-09-09 20:51:46,1194,Upstairs Front Opening,STATE,RESET,0,20.8,
2022-09-09 15:25:26,1194,Upstairs Front Opening,STATE,RESET,0,22.9,
2022-09-09 09:59:26,1194,Upstairs Front Opening,STATE,RESET,0,19.7,
2022-09-09 04:33:31,1194,Upstairs Front Opening,STATE,RESET,0,20.4,
2022-09-08 23:07:23,1194,Upstairs Front Opening,STATE,RESET,0,21.5,
2022-09-08 17:41:09,1194,Upstairs Front Opening,STATE,PRE-WARN,0,24.6,
2022-09-08 14:51:16,1194,Upstairs Front Opening,STATE,RESET,0,24.6,
2022-09-08 09:25:14,1194,Upstairs Front Opening,STATE,RESET,0,22.5,
2022-09-08 09:24:30,1194,Upstairs Front Opening,STATE,PRE-WARN,0,22.2,
2022-09-08 08:07:43,1194,Upstairs Front Opening,STATE,RESET,0,22.2,
2022-09-08 02:41:29,1194,Upstairs Front Opening,STATE,RESET,0,21.8,
2022-09-07 21:15:07,1194,Upstairs Front Opening,STATE,RESET,0,22.9,
2022-09-07 15:49:08,1194,Upstairs Front Opening,STATE,RESET,0,25.3,
2022-09-07 15:48:26,1194,Upstairs Front Opening,STATE,PRE-WARN,0,25.3,
2022-09-07 15:46:44,1194,Upstairs Front Opening,STATE,PRE-WARN,0,25.3,
2022-09-07 15:46:31,1194,Upstairs Front Opening,STATE,RESET,0,25.3,
2022-09-07 15:40:42,1194,Upstairs Front Opening,STATE,PRE-WARN,0,25.3,
2022-09-07 15:40:11,1194,Upstairs Front Opening,STATE,PRE-WARN,0,25,
2022-09-02 05:08:32,1194,Upstairs Front Opening,STATE,RESET,0,20.4,
2022-09-01 23:42:20,1194,Upstairs Front Opening,STATE,RESET,0,23.6,
2022-09-01 18:15:36,1194,Upstairs Front Opening,STATE,RESET,0,27.4,
2022-09-01 12:48:04,1194,Upstairs Front Opening,STATE,RESET,0,28.8,
2022-09-01 07:21:26,1194,Upstairs Front Opening,STATE,RESET,0,20.4,
2022-09-01 01:55:28,1194,Upstairs Front Opening,STATE,RESET,0,20.8,
2022-08-31 20:29:28,1194,Upstairs Front Opening,STATE,RESET,0,21.5,
2022-08-31 15:03:06,1194,Upstairs Front Opening,STATE,RESET,0,27.4,
2022-08-31 15:02:19,1194,Upstairs Front Opening,STATE,PRE-WARN,0,28.5,
2022-08-31 14:34:48,1194,Upstairs Front Opening,STATE,RESET,0,28.5,
2022-08-31 09:07:47,1194,Upstairs Front Opening,STATE,RESET,0,23.2,
2022-08-31 03:41:48,1194,Upstairs Front Opening,STATE,RESET,0,19.7,
2022-08-30 22:15:57,1194,Upstairs Front Opening,STATE,RESET,0,22.2,
2022-08-30 16:49:17,1194,Upstairs Front Opening,STATE,RESET,0,28.1,
2022-08-30 11:22:50,1194,Upstairs Front Opening,STATE,RESET,0,27.1,
2022-08-30 11:22:07,1194,Upstairs Front Opening,STATE,PRE-WARN,0,25,
2022-08-30 10:27:34,1194,Upstairs Front Opening,STATE,RESET,0,25,
2022-08-30 05:01:25,1194,Upstairs Front Opening,STATE,RESET,0,20.4,
2022-08-29 23:35:22,1194,Upstairs Front Opening,STATE,RESET,0,21.5,
2022-08-29 18:09:02,1194,Upstairs Front Opening,STATE,RESET,0,24.3,
2022-08-29 12:42:09,1194,Upstairs Front Opening,STATE,RESET,0,26.4,
2022-08-29 07:15:37,1194,Upstairs Front Opening,STATE,RESET,0,20.4,
2022-08-29 01:49:37,1194,Upstairs Front Opening,STATE,RESET,0,21.5,
2022-08-28 20:23:16,1194,Upstairs Front Opening,STATE,RESET,0,23.9,
2022-08-28 14:56:12,1194,Upstairs Front Opening,STATE,RESET,0,29.2,
2022-08-28 09:29:08,1194,Upstairs Front Opening,STATE,RESET,0,23.2,
2022-08-28 04:03:16,1194,Upstairs Front Opening,STATE,RESET,0,19.7,
2022-08-27 22:37:13,1194,Upstairs Front Opening,STATE,RESET,0,22.2,
2022-08-27 17:10:31,1194,Upstairs Front Opening,STATE,RESET,0,27.8,
2022-08-27 11:43:17,1194,Upstairs Front Opening,STATE,RESET,0,28.8,
2022-08-27 06:16:42,1194,Upstairs Front Opening,STATE,RESET,0,21.5,
2022-08-27 00:50:18,1194,Upstairs Front Opening,STATE,RESET,0,23.2,
2022-08-26 19:23:41,1194,Upstairs Front Opening,STATE,RESET,0,25.3,
2022-08-26 13:56:23,1194,Upstairs Front Opening,STATE,RESET,0,29.2,
2022-08-26 08:29:26,1194,Upstairs Front Opening,STATE,RESET,0,20.8,
2022-08-26 03:03:42,1194,Upstairs Front Opening,STATE,RESET,0,20.1,
2022-08-25 21:37:29,1194,Upstairs Front Opening,STATE,RESET,0,22.5,
2022-08-25 16:10:50,1194,Upstairs Front Opening,STATE,RESET,0,27.1,
2022-08-25 10:44:10,1194,Upstairs Front Opening,STATE,RESET,0,25,
2022-08-25 10:43:58,1194,Upstairs Front Opening,STATE,RESET,0,25,
2022-08-25 05:17:19,1194,Upstairs Front Opening,STATE,RESET,0,24.6,
2022-08-24 23:50:20,1194,Upstairs Front Opening,STATE,RESET,0,26.4,
2022-08-24 18:22:57,1194,Upstairs Front Opening,STATE,RESET,0,31.3,
2022-08-24 12:54:53,1194,Upstairs Front Opening,STATE,RESET,0,33,
2022-08-24 07:27:30,1194,Upstairs Front Opening,STATE,RESET,0,24.3,
2022-08-24 02:00:55,1194,Upstairs Front Opening,STATE,RESET,0,24.3,
2022-08-23 20:34:06,1194,Upstairs Front Opening,STATE,RESET,0,26.4,
2022-08-23 15:06:24,1194,Upstairs Front Opening,STATE,RESET,0,31.6,
2022-08-23 15:05:41,1194,Upstairs Front Opening,STATE,PRE-WARN,0,31.6,
2022-08-23 15:01:16,1194,Upstairs Front Opening,STATE,RESET,0,31.6,
2022-08-23 15:00:33,1194,Upstairs Front Opening,STATE,PRE-WARN,0,31.6,
2022-08-23 14:52:49,1194,Upstairs Front Opening,STATE,RESET,0,31.6,
2022-08-23 14:52:06,1194,Upstairs Front Opening,STATE,PRE-WARN,0,29.9,
2022-08-23 12:22:43,1194,Upstairs Front Opening,STATE,RESET,0,29.9,
2022-08-23 12:04:11,1194,Upstairs Front Opening,STATE,PRE-WARN,0,29.2,
2022-08-23 06:55:33,1194,Upstairs Front Opening,STATE,RESET,0,23.2,
2022-08-23 01:29:00,1194,Upstairs Front Opening,STATE,RESET,0,23.2,
2022-08-22 20:02:17,1194,Upstairs Front Opening,STATE,RESET,0,25.7,
2022-08-22 14:34:52,1194,Upstairs Front Opening,STATE,RESET,0,30.2,
2022-08-22 09:07:42,1194,Upstairs Front Opening,STATE,RESET,0,24.3,
2022-08-22 03:41:37,1194,Upstairs Front Opening,STATE,RESET,0,20.8,
2022-08-21 22:15:18,1194,Upstairs Front Opening,STATE,RESET,0,22.9,
2022-08-21 16:48:23,1194,Upstairs Front Opening,STATE,RESET,0,27.8,
2022-08-21 11:21:08,1194,Upstairs Front Opening,STATE,RESET,0,26.4,
2022-08-21 05:54:41,1194,Upstairs Front Opening,STATE,RESET,0,21.1,
2022-08-21 00:28:26,1194,Upstairs Front Opening,STATE,RESET,0,22.9,
2022-08-20 19:01:36,1194,Upstairs Front Opening,STATE,RESET,0,30.2,
2022-08-20 13:34:01,1194,Upstairs Front Opening,STATE,RESET,0,29.9,
2022-08-20 08:07:08,1194,Upstairs Front Opening,STATE,RESET,0,21.5,
2022-08-20 02:41:07,1194,Upstairs Front Opening,STATE,RESET,0,21.1,
2022-08-19 21:14:51,1194,Upstairs Front Opening,STATE,RESET,0,23.9,
2022-08-19 15:47:43,1194,Upstairs Front Opening,STATE,RESET,0,28.8,
2022-08-19 10:20:17,1194,Upstairs Front Opening,STATE,RESET,0,25,
2022-08-19 04:53:51,1194,Upstairs Front Opening,STATE,RESET,0,22.2,
2022-08-18 23:27:32,1194,Upstairs Front Opening,STATE,RESET,0,23.2,
2022-08-18 18:00:47,1194,Upstairs Front Opening,STATE,RESET,0,27.1,
2022-08-18 12:33:51,1194,Upstairs Front Opening,STATE,RESET,0,25.3,
2022-08-18 07:07:18,1194,Upstairs Front Opening,STATE,RESET,0,21.8,
2022-08-18 01:41:12,1194,Upstairs Front Opening,STATE,RESET,0,21.8,
2022-08-17 20:14:59,1194,Upstairs Front Opening,STATE,RESET,0,22.9,
2022-08-17 14:48:11,1194,Upstairs Front Opening,STATE,RESET,0,26,
2022-08-17 09:21:14,1194,Upstairs Front Opening,STATE,RESET,0,25.3,
2022-08-17 03:54:52,1194,Upstairs Front Opening,STATE,RESET,0,22.5,
2022-08-16 22:28:27,1194,Upstairs Front Opening,STATE,RESET,0,23.6,
2022-08-16 17:01:31,1194,Upstairs Front Opening,STATE,RESET,0,26.7,
2022-08-16 11:34:09,1194,Upstairs Front Opening,STATE,RESET,0,30.2,
2022-08-16 11:22:55,1194,Upstairs Front Opening,LEARNING,RESET,-,-,
2022-03-28 15:38:59,1194,Upstairs Front Opening,STATE,PRE-WARN,37.9,22.5,
2022-03-28 15:38:25,1194,Upstairs Front Opening,LEARNING,RESET,-,-,
2022-03-23 19:28:25,1194,Upstairs Front Opening,STATE,PRE-WARN,37.9,25,
2022-03-23 19:28:19,1194,Upstairs Front Opening,STATE,RESET,37.9,25,
2022-03-23 19:27:38,1194,Upstairs Front Opening,STATE,PRE-WARN,0,0,
2022-03-23 19:27:33,1194,Upstairs Front Opening,LEARNING,RESET,-,-,
